Sample ID,split
Vumc-HD-101-TR922,train
Vumc-HD-103-TR923,test
Vumc-HD-108-TR924,train
Vumc-HD-127-TR925,train
Vumc-HD-130-TR926,train
Vumc-HD-142-TR927,train
Vumc-HD-143-TR928,test
Vumc-HD-144-TR929,train
Vumc-HD-145-TR930,test
Vumc-HD-149-TR932,train
Vumc-HD-151-TR933,test
Vumc-HD-155-TR934,train
Vumc-HD-156-TR935,train
Vumc-HD-56-TR884,train
Vumc-HD-60-TR885,train
Vumc-HD-63-TR886,train
Vumc-HD-73-TR887,test
Vumc-HD-74-TR888,train
Vumc-HD-80-TR889,train
Vumc-HD-81-TR890,train
Vumc-HD-83-TR891,test
Vumc-HD-84-TR892,test
Vumc-HD-86-TR893,train
Vumc-HD-87-TR894,train
Vumc-HD-88-TR895,train
Vumc-HD-89-TR896,train
Vumc-HD-91-TR897,test
Vumc-HD-92-TR920,train
Vumc-HD-98-TR921,test
AMC-HD-001-TR1139,train
AMC-HD-002-TR1140,train
AMC-HD-003-TR1141,train
AMC-HD-004-TR1142,test
AMC-HD-005-TR1143,train
AMC-HD-006-TR1144,train
AMC-HD-007-TR1145,train
AMC-HD-008-TR1146,train
AMC-HD-010-TR1147,train
Vumc-HD-100-TR1095,test
Vumc-HD-102-TR1096,train
Vumc-HD-104-TR1097,train
Vumc-HD-105-TR1098,train
Vumc-HD-106-TR1099,train
Vumc-HD-107-TR1100,train
Vumc-HD-109-TR1101,train
Vumc-HD-110-TR1102,test
Vumc-HD-111-TR1103,train
Vumc-HD-11-1-TR1153,train
Vumc-HD-112-TR1104,train
Vumc-HD-113-TR1105,train
Vumc-HD-114-TR1106,train
Vumc-HD-115-TR1107,train
Vumc-HD-116-TR1108,train
Vumc-HD-117-TR1109,train
Vumc-HD-118-TR1110,train
Vumc-HD-119-TR1111,train
Vumc-HD-120-TR1112,train
Vumc-HD-121-TR1113,train
Vumc-HD-122-TR1114,train
Vumc-HD-123-TR1115,test
Vumc-HD-124-TR1116,train
Vumc-HD-125-TR1117,train
Vumc-HD-126-TR1118,train
Vumc-HD-128-TR1119,test
Vumc-HD-129-TR1120,train
Vumc-HD-131-TR1121,train
Vumc-HD-132-TR1122,train
Vumc-HD-133-TR1123,train
Vumc-HD-135-TR1124,train
Vumc-HD-136-TR1125,train
Vumc-HD-138-TR1127,train
Vumc-HD-139-TR1128,test
Vumc-HD-140-TR1129,test
Vumc-HD-141-TR1130,train
Vumc-HD-146-TR1131,test
Vumc-HD-147-TR1132,train
Vumc-HD-150-TR1133,train
Vumc-HD-15-1-TR1154,train
Vumc-HD-152-TR1134,test
Vumc-HD-153-TR1135,train
Vumc-HD-154-TR1136,train
Vumc-HD-157-TR1137,train
Vumc-HD-158-TR1138,train
Vumc-HD-16-1-TR1155,test
Vumc-HD-17-1-TR1160,train
Vumc-HD-20-1-TR1156,test
Vumc-HD-21-1-TR1161,train
Vumc-HD-2-1-TR1148,test
Vumc-HD-22-1-TR1157,train
Vumc-HD-27-2-TR1162,test
Vumc-HD-30-2-TR1163,train
Vumc-HD-3-1-TR1149,test
Vumc-HD-32-2-TR1164,train
Vumc-HD-36-TR1165,train
Vumc-HD-39-1-TR1158,train
Vumc-HD-40-1-TR1159,train
Vumc-HD-44-2-TR1166,train
Vumc-HD-47-1-TR1167,train
Vumc-HD-49-1-TR1168,test
Vumc-HD-4-TR1150,train
Vumc-HD-50-1-TR1169,train
Vumc-HD-51-1-TR1170,test
Vumc-HD-53-1-TR1171,test
Vumc-HD-54-1-TR1172,train
Vumc-HD-59-TR1093,train
Vumc-HD-5-TR1151,test
Vumc-HD-66-TR1058,train
Vumc-HD-67-TR1059,train
Vumc-HD-68-TR1060,train
Vumc-HD-69-TR1061,train
Vumc-HD-70-TR1062,test
Vumc-HD-71-TR1063,train
Vumc-HD-72-TR1064,train
Vumc-HD-75-TR1065,train
Vumc-HD-76-TR1066,train
Vumc-HD-77-TR1079,test
Vumc-HD-78-TR1080,test
Vumc-HD-79-TR1081,train
Vumc-HD-82-TR1082,train
Vumc-HD-85-TR1084,test
Vumc-HD-90-TR1083,train
Vumc-HD-93-TR1085,test
Vumc-HD-94-TR1086,train
Vumc-HD-95-TR1087,train
Vumc-HD-96-TR1088,train
Vumc-HD-97-TR1089,train
Vumc-HD-99-TR1094,train
Vumc-HD-9-TR1152,train
Vumc-HDControl-10-TR1183,train
Vumc-HDControl-6-TR1180,test
Vumc-HDControl-8-TR1181,train
Vumc-HDControl-9-TR1182,train
Vumc-HD-52-TR1489,train
Vumc-HD-159-TR1521,train
Vumc-HD-173-TR1488,train
Vumc-HD-180-TR1523,train
Vumc-HD-161-TR1522,train
Vumc-HD-18-2-TR1643,train
Vumc-HD-8-TR1641,train
Vumc-HD-242-TR1720,train
Vumc-HD-46-2-TR1680,train
Vumc-HD-241-TR1721,train
Vumc-HD-227-TR1716,test
Vumc-HD-24-2-TR1573,train
Vumc-HD-26-2-TR1575,train
Vumc-HD-29-2-TR1576,train
Vumc-HD-6-2-TR1639,train
Vumc-HD-234-TR1717,train
Vumc-HD-37-2-TR1580,train
Vumc-HD-10-2-TR1642,train
Vumc-HD-226-TR1718,train
Vumc-HD-237-TR1719,train
Vumc-HD-14-1-TR1571,test
Vumc-HD-31-2-TR1577,train
Vumc-HD-35-2-TR1579,train
Vumc-HD-38-2-TR1581,train
Vumc-HD-25-2-TR1574,test
Vumc-HD-13-2-TR1570,train
Vumc-HD-48-1-TR1666,train
Vumc-HD-34-1-TR1578,train
Vumc-HD-45-2-TR1582,train
Vumc-HD-1-TR1679,test
Vumc-HD-218-TR1905,test
Vumc-HD-252-TR1860,train
Vumc-HD-254-TR1862,train
Vumc-HD-255-TR1863,test
Vumc-HD-262-TR1866,train
Vumc-HD-162-TR1756,train
Vumc-HD-169-TR1758,train
Vumc-HD-247-TR1859,train
Vumc-HD-198-TR1907,train
Vumc-HD-253-TR1861,train
Vumc-HD-33-1-TR1637,train
Vumc-HD-265-TR1868,train
Vumc-HD-163-TR1757,train
Vumc-HD-282-TR1872,train
Vumc-HD-186-TR1759,train
Vumc-HD-283-TR1874,train
Vumc-HD-272-TR1876,train
Vumc-HD-250-TR1906,train
Vumc-HD-231-TR1880,train
Vumc-HD-228-TR1883,train
Vumc-HD-225-TR1884,train
Vumc-HD-236-TR1782,train
Vumc-HD-220-TR1760,train
Vumc-HD-195-TR1851,train
Vumc-HD-235-TR1761,train
Vumc-HD-264-TR1867,train
Vumc-HD-266-TR1869,train
Vumc-HD-239-TR1781,train
Vumc-HD-188-TR1849,train
Vumc-HD-189-TR1850,test
Vumc-HD-196-TR1852,train
Vumc-HD-175-TR1913,test
Vumc-HD-244-TR1780,train
Vumc-HD-263-TR1877,train
Vumc-HD-257-TR1865,train
Vumc-HD-230-TR1881,train
Vumc-HD-229-TR1882,test
Vumc-HD-224-TR1885,train
Vumc-HD-233-TR1879,train
Vumc-HD-256-TR1864,train
Vumc-HD-280-TR1870,train
Vumc-HD-238-TR1878,train
Vumc-HD-199-TR1914,train
Vumc-HD-217-TR1915,test
Vumc-HD-246-TR1916,train
RAD-HIV-HV014-1-TR1961,test
RAD-HIV-HV155-1-TR1962,train
RAD-HIV-HV325-1-TR1963,test
RAD-HIV-HV391-1-TR1964,train
RAD-HIV-HV498-1-TR1965,train
Vumc-HC-0002-TR2588,train
Vumc-HC-0375-TR2639,test
Vumc-HC-0388-TR2641,train
Vumc-HC-0396-TR2642,train
Vumc-HC-0403-TR2643,train
Vumc-HC-0405-TR2644,train
Vumc-HC-0406-TR2645,train
Vumc-HC-0411-TR2646,train
Vumc-HC-0412-TR2647,train
Vumc-HC-0414-TR2648,train
RAD-ProsBlad-55989-TR2776,test
RAD-ProsBlad-56008-TR2777,train
RAD-ProsBlad-56026-TR2778,test
RAD-ProsBlad-56043-TR2779,train
RAD-ProsBlad-56059-TR2820,test
RAD-ProsBlad-56076-TR2821,train
Vumc-HC-0009-TR2589,train
Vumc-HC-0017-TR2590,train
Vumc-HC-0171-TR2608,train
VUMC-HC-0033-TR2591,train
VUMC-HC-0139-TR2601,train
VUMC-HC-0146-TR2604,train
VUMC-HC-0296-TR2612,train
VUMC-HC-0302-TR2613,test
VUMC-HC-0056-TR2638,train
VUMC-HC-0385-TR2640,train
VUMC-HC-0418-TR2649,train
VUMC-HC0102-DOT-HD-48h-TR3064,train
VUMC-HC0103-DOT-HD-48h-TR3065,train
VUMC-HC0082-DOT-HD-48h-TR3092,test
VUMC-HC0144-DOT-HD-48h-TR3073,train
VUMC-HC0146-DOT-HD-48h-TR3074,train
VUMC-HC0096-DOT-HD-48h-TR3097,train
VUMC-HC0125-DOT-HD-48h-TR3067,train
VUMC-HC0069-DOT-HD-48h-TR3094,train
VUMC-HC0166-DOT-HD-48h-TR3105,train
VUMC-HC0171-DOT-HD-48h-TR3106,train
VUMC-HC0172-DOT-HD-48h-TR3107,train
VUMC-HC0053-DOT-HD-48h-TR3087,test
VUMC-HC0054-DOT-HD-48h-TR3088,train
VUMC-HC0118-DOT-HD-48h-TR3066,train
VUMC-HC0129-DOT-HD-48h-TR3068,train
VUMC-HC0140-DOT-HD-48h-TR3071,train
VUMC-HC0143-DOT-HD-48h-TR3072,train
VUMC-HC0095-DOT-HD-48h-TR3096,test
VUMC-HC0097-DOT-HD-48h-TR3098,train
VUMC-HC0068-DOT-HD-48h-TR3090,train
VUMC-HC0049-DOT-HD-48h-TR3086,train
VUMC-HC0131-DOT-HD-48h-TR3069,train
VUMC-HC0083-DOT-HD-48h-TR3093,train
VUMC-HC0094-DOT-HD-48h-TR3095,train
VUMC-HC0151-DOT-HD-48h-TR3136,test
VUMC-HC0161-DOT-HD-48h-TR3137,train
VUMC-HC0175-DOT-HD-48h-TR3108,train
Vienna-CRC-Vien-21-TR3006,train
Vienna-CRC-Vien-23-TR3008,train
Vienna-CRC-Vien-1-TR2948,train
Vienna-CRC-Vien-2-TR2949,test
Vienna-CRC-Vien-4-TR2951,test
NKI-107-005289-HD-TR3341,train
NKI-107-005304-HD-TR3344,test
NKI-107-005310-HD-TR3346,test
NKI-107-005313-HD-TR3348,train
NKI-107-005314-HD-TR3349,train
NKI-107-005315-HD-TR3386,train
NKI-107-005370-HD-TR3396,train
NKI-107-005371-HD-TR3451,train
NKI-107-005379-HD-TR3455,train
NKI-107-005384-HD-TR3457,train
NKI-107-005385-HD-TR3458,train
NKI-107-005386-HD-TR3497,train
NKI-107-005389-HD-TR3460,train
NKI-107-005400-HD-TR3424,test
NKI-107-005402-HD-TR3425,train
NKI-107-005404-HD-TR3427,train
NKI-107-005414-HD-TR3433,train
NKI-107-005417-HD-TR3293,train
NKI-107-005433-HD-TR3301,train
NKI-107-005437-HD-TR3475,train
NKI-107-005440-HD-TR3289,train
NKI-107-005450-HD-TR3476,train
NKI-107-005455-HD-TR3478,train
NKI-107-005456-HD-TR3479,train
NKI-107-005461-HD-TR3482,train
NKI-107-005462-HD-TR3283,train
NKI-107-005472-HD-TR3284,train
NKI-107-005484-HD-TR3285,train
NKI-107-005497-HD-TR3287,train
NKI-107-005500-HD-TR3288,test
VUMC-HC442-HD-TR3323,train
VUMC-HC439-HD-TR3319,test
VUMC-HC434-HD-TR3320,train
VUMC-HC438-HD-TR3321,test
VUMC-HC425-HD-TR3322,test
VUMC-HC426-HD-TR3324,train
VUMC-HC428-HD-TR3325,train
VUMC-HC441-HD-TR3445,test
VUMC-HC440-HD-TR3446,test
VUMC-HC423-HD-TR3444,train
TR3428-HD-NKI,train
TR3431-HD-NKI,train
TR3295-HD-NKI,train
TR3299-HD-NKI,train
TR3477-HD-NKI,train
TR4039-HD-NKI,test
Vumc-GBM-422-TR1352,train
Vumc-GBM-454-TR1359,test
Vumc-GBM-475-TR1362,train
Vumc-GBM-486-TR1366,train
Vumc-GBM-506t0-TR1483,train
Vumc-GBM-550t0-TR1519,train
Radb-GBM-N14-01-TR2140,train
Radb-GBM-N15-02-TR2149,train
Maas-GBM-M00004-TR2113,test
Maas-GBM-M00003-TR2115,train
Maas-GBM-M00012-TR2120,train
Maas-GBM-M00015-TR2121,train
TR3699-GBM-VUMC,train
MGH-NSCLC-L-72,test
MGH-NSCLC-L-74,test
Vumc-NSCLC-081,train
Vumc-NSCLC-092,train
Vumc-NSCLC-66,train
MGH-NSCLC-L01-TR458,train
MGH-NSCLC-L11-TR477,train
MGH-NSCLC-L59-TR522,test
MGH-NSCLC-L65-TR523,test
MGH-NSCLC-L10-TR606,train
NKI-NSCLC-107-508-TR734,train
MGH-NSCLC-L131-TR909,train
MGH-NSCLC-L145-TR912,train
MGH-NSCLC-L158-TR913,test
MGH-NSCLC-L173-TR915,train
MGH-NSCLC-L180-TR919,train
Vumc-NSCLC-211-TR903,train
Vumc-NSCLC-130-TR952,train
Vumc-NSCLC-244-TR1003,train
NKI-NSCLC-281-TR1834,train
NKI-NSCLC-1114-TR1838,train
NKI-NSCLC-1574-TR1836,test
NKI-NSCLC-2149-TR1848,train
Vumc-NSCLC-533-TR2182,train
Vumc-NSCLC-724-TR2186,test
NKI-NSCLC-2685-TR2226,train
NKI-NSCLC-2571-TR2225,train
Vumc-NSCLC-859-TR2503,test
Vumc-NSCLC-577-TR2483,train
MGH-NSCLC-L217-TR2499,train
Vumc-exIPMN-3-TR1042,train
Vumc-PDAC-18-TR986,train
Vumc-PDAC-32-TR1009,train
Vumc-PDAC-36-TR993,train
Vumc-PDAC-66-TR1037,train
Vumc-PDAC-103-2016634-TR2625,train
Vumc-PDAC-104-2015046-TR2658,train
Vumc-PDAC-104-2016118-TR2626,train
Vumc-PDAC-106-2016132-TR2682,train
Vumc-PDAC-108-20161187-TR2687,train
Vumc-PDAC-112-20161199-TR2655,test
Vumc-PDAC-116-2015476-TR2691,train
Vumc-PDAC-19-2016973-TR2616,train
Vumc-PDAC-28-2016105-TR2668,train
Vumc-PDAC-40-2016107-TR2617,train
Vumc-PDAC-46-2016106-TR2618,train
Vumc-PDAC-77-20160632-TR2674,train
Vumc-PDAC-83-20161151-TR2676,train
Vumc-exIPMN-58-2016494-TR2629,train
Vumc-PDAC-87-20161119-TR2678,train
VUMC-9-2017121-PANC-TR3505,train
VUMC-26-20171125-PANC-TR3507,test
VUMC-47-201712743-PANC-TR3369,train
VUMC-23-2017124-PANC-TR3363,train
VUMC-31-2017853-PANC-TR3303,train
VUMC-59-2017987-PANC-TR3373,train
VUMC-64-20171286-PANC-TR3309,train
VUMC-82-20171313-PANC-TR3311,train
VUMC-86-20171318-PANC-TR3377,train
VUMC-125-20171363-PANC-TR3468,train
MGH-BrCa-H76-TR469,train
MGH-BrCa-P28-TR499,train
MGH-BrCa-P35-TR620,train
Vumc-headNeck-582-TR1090,train
Vumc-headNeck-586-TR1049,train
Vumc-headNeck-588-TR1051,train
Vumc-headNeck-590-TR1053,train
Vumc-headNeck-591-TR1054,train
Vumc-headNeck-592-TR1055,train
Vumc-headNeck-595-TR1057,train
Vumc-headNeck-596-TR1067,train
Vumc-headNeck-598-TR1068,train
Vumc-headNeck-599-TR1069,train
Vumc-headNeck-601-TR1070,train
Vumc-headNeck-603-TR1071,test
Vumc-headNeck-606-TR1091,train
Vumc-headNeck-607-TR1073,train
Vumc-headNeck-612-TR1076,train
Vumc-headNeck-613-TR1077,test
Vumc-headNeck-615-TR1078,train
Vumc-HNSCC-HN-618-TR1975,train
Vumc-HNSCC-HN-621-TR1918,train
Vumc-HNSCC-HN-622-TR1977,test
Vumc-HNSCC-HN-623-TR1978,train
Vumc-HNSCC-HN-625-TR1919,train
Vumc-HNSCC-HN-626-TR1920,test
Vumc-HNSCC-HN-627-TR1979,train
Vumc-HNSCC-HN-628-TR1980,train
Vumc-HNSCC-HN-633-TR1940,train
Vumc-HNSCC-HN-635-TR1921,train
Vumc-HNSCC-HN-636-TR1941,test
Vumc-HNSCC-HN-637-TR1942,train
Vumc-HNSCC-HN-640-TR1943,train
MGH-MELA-M-37,train
MGH-MELA-M-48,train
MGH-MELA-M-63,train
MGH-MELA-M-88,train
MGH-MELA-M-89,train
MGH-MELA-M18-TR493,train
MGH-MELA-M53-TR494,test
MGH-MELA-M70-TR495,train
MGH-MELA-M91-TR475,train
MGH-NSCLC-M16-TR528,train
MGH-MELA-M11-TR602,train
MGH-MELA-M73-TR588,train
MGH-MELA-M74-TR565,train
MGH-MELA-M75-TR4566,train
MGH-MELA-M76-TR589,train
MGH-MELA-M77-TR590,test
MGH-MELA-M78-TR591,test
MGH-MELA-M81-TR593,train
MGH-MELA-M83-TR594,train
MGH-MELA-M84-TR567,train
MGH-MELA-M92-TR608,train
MGH-MELA-M93-TR599,train
MGH-MELA-M94-TR595,train
MGH-MELA-M95-TR596,train
MGH-MELA-M96-TR597,test
MGH-MELA-M97-TR598,train
Cath-Ova-CZE-001-TR2270,train
Cath-Ova-CZE-014-TR2282,train
Cath-Ova-CZE-017-TR2285,test
Cath-Ova-CZE-022-TR2770,train
Cath-Ova-CZE-031-TR2716,train
Cath-Ova-CZE-032-TR2717,train
Cath-Ova-CZE-037-TR2720,train
Cath-Ova-CZE-038-TR2721,train
TR3552-OVA-CATH,train
TR3638-OVA-CATH,train
TR3662-OVA-CATH,train
TR3570-OVA-CATH,test
TR3407-OVA-LUMC,train
TR3544-OVA-LUMC,train
TR3523-OVA-LUMC,test
TR3548-OVA-LUMC,train
TR3520-OVA-LUMC,train
TR3947-OVA-CATH,train
TR4298-OVA-CATH,test
TR4024-OVA-Supernat,test
TR4218-OVA-Supernat,test
TR4056-OVA-Supernat,train
TR4048-OVA-Supernat,train
TR4020-OVA-Supernat,train
TR4212-OVA-Supernat,train
TR4147-OVA-Supernat,train
TR4306-OVA-LUMC,train
TR4042-OVA-GDANSK,train
TR4280-OVA-GDANSK,test
TR3860-NKI-NKI,test
MGH-CRC-368,train
MGH-CRC-BRAF5-TR548,train
MGH-CRC-BRAF6-TR465,train
Vumc-ORC-01-006-TR2328,train
Vumc-ORC-01-044-TR2377,test
Vumc-ORC-01-015-TR2355,train
Vienna-CRC-Vien-16-TR2994,train
Vienna-CRC-Vien-9-TR3009,train
Vienna-CRC-Vien-3-TR2950,train
Vienna-CRC-Vien-6-TR2953,train
Vienna-CRC-Vien-7-TR2954,train
Vienna-CRC-Vien-12-TR2976,train
MGH-C-41-CRC-TR3194,train
MGH-C-45-CRC-TR3196,train
MGH-C-46-CRC-TR3197,train
MGH-C-54-CRC-TR3235,train
MGH-C-62-CRC-TR3239,train
MGH-C-47-CRC-TR3198,train
MGH-C-50-CRC-TR3233,train
MGH-C-56-CRC-TR3236,train
MGH-C-61-CRC-TR3238,train
MGH-C-63-CRC-TR3240,train
TR3244-CRC-MGH,train
TR3839-CRC-MGH,train
TR3844-CRC-MGH,test
TR3245-CRC-MGH,test
TR3965-NKI-NKI,train
Vumc-MM-MM1-TR2421,test
Vumc-MM-MM10-TR2454,train
Vumc-MM-MM12-TR2456,train
Vumc-MM-MM13-TR2457,train
Vumc-MM-MM14-TR2458,train
Vumc-MM-MM15-TR2459,train
Vumc-MM-MM16-TR2460,train
Vumc-MM-MM17-TR2461,train
Vumc-MM-MM18-TR2462,test
Vumc-MM-MM19-TR2463,train
Vumc-MM-MM20-TR2464,train
Vumc-MM-MM21-TR2465,test
Vumc-MM-MM3-TR2423,test
Vumc-MM-MM4-TR2424,test
Vumc-MM-MM5-TR2425,train
Vumc-MM-MM7-TR2427,train
Vumc-MM-MM8-TR2428,test
Vumc-MM-SMM1-TR2466,test
Vumc-MM-SMM2-TR2467,test
Vumc-MM-SMM3-TR2468,train
Vumc-MM-SMM4-TR2469,train
Vumc-MM-SMM5-TR2470,train
TR3776-MM-VUMC,train
TR3769-MM-VUMC,train
TR3775-MM-VUMC,train
TR3772-MM-VUMC,train
TR3773-MM-VUMC,train
TR3768-MM-VUMC,test
TR3774-MM-VUMC,train
NKI-GIST-2891-TR2298,train
NKI-GIST-1687-TR2286,test
NKI-GIST-2061-TR2287,train
NKI-GIST-3911-TR2289,train
NKI-GIST-2505-TR2295,train
NKI-GIST-2601-TR2296,train
NKI-GIST-2703-TR2297,train
NKI-GIST-3558-TR2299,test
NKI-GIST-4480-TR2301,train
NKI-GIST-4533-TR2302,train
NKI-GIST-3942-TR2300,train
NKI-Sarc-1699-TR2439,test
NKI-Sarc-1773-TR2440,test
NKI-Sarc-1807-TR2438,train
NKI-Sarc-2503-TR2447,train
NKI-Sarc-2576-TR2445,train
NKI-GIST-1986-TR2293,train
NKI-Sarc-2607-TR2526,train
NKI-Sarc-2913-TR2527,train
NKI-Sarc-2914-TR2528,train
Vumc-LGG-VU473-TR510,train
Vumc-LGG-498-1-TR556,train
Vumc-LGG-503-1-TR557,train
Vumc-LGG-VU427-T03-TR582,test
Vumc-LGG-VU509-1-TR617,train
Vumc-LGG-VU528-TR612,train
Vumc-GBM-467-TR1453,train
MGH-LGG-B103-TR1682,train
Vumc-LGG-VU603-TR1664,test
Vumc-LGG-VU605-TR1663,train
Vumc-LGG-VU683-TR2156,train
Vumc-LGG-VU658-TR2153,train
MGH-HGG-B107-TR1683,train
Maas-GBM-M00011-TR2119,train
Radb-GBM-N13-18-TR2139,test
Vumc-Chol-2015092,test
AMC-Chol-002-TR2072,train
AMC-Chol-003-TR2073,train
AMC-Chol-005-TR2075,train
AMC-Chol-009-TR2092,train
AMC-Chol-012-TR2095,train
AMC-Chol-015-TR2098,train
AMC-Chol-016-TR2099,train
AMC-Chol-020-TR2102,train
AMC-Chol-021-TR2103,test
MGH-Chol-Bd-5-TR2079,train
MGH-Chol-Bd-6-TR2080,train
MGH-Chol-Bd-9-TR2108,train
MGH-Chol-Bd-14-TR2110,train
AMC-Chol-011-TR2094,train
VUMC-Chol-114-2015198-TR2998,train
VUMC-Chol-59-2016241-TR3003,test
VUMC-Chol-65-2015352-TR3018,train
VUMC-CHOL-123-2015798-TR2927,train
VUMC-CHOL-30-2016288-TR2930,train
VUMC-CHOL-35-2016897-TR2932,train
VUMC-CHOL-5-2016898-TR2934,train
VUMC-51-20171275-PANC-TR3370,train
VU-101-201713277-PANC-TR3383,test
VUMC-104-2017068-PANC-TR3385,train
VUMC-119-20171355-PANC-TR3469,train
VUMC-20-2015794-PANC-TR3014,test
VUMC-45-2016102-PANC-TR3015,train
VUMC-90-2015896-PANC-TR3022,train
TR3219-HCC-MGH,train
TR3222-HCC-MGH,test
TR3351-HCC-MGH,train
TR3355-HCC-MGH,train
TR3259-HCC-MGH,train
TR3350-HCC-MGH,train
TR3352-HCC-MGH,test
TR3262-HCC-MGH,train
TR3353-HCC-MGH,train
TR3263-HCC-MGH,train
TR3354-HCC-MGH,train
TR3264-HCC-MGH,test
TR3265-HCC-MGH,train
TR3356-HCC-MGH,test
TR3216-HCC-MGH,train
TR3213-HCC-MGH,train
TR3217-HCC-,train
TR3219-HCC-,train
TR3221-HCC-,train
TR3218-HCC-,train
TR3214-HCC-MGH,train
TR3220-HCC-,train
MGH-Hc-2-Liver-TR3212,train
VUMC-122-2015298-PANC-TR3112,test
VUMC-82-2015796-PANC-TR3117,train
VUMC-40-2015495-PANC-TR3116,test
VUMC-97-2015497-PANC-TR3118,train
VUMC-16-2016649-PANC-TR3113,train
VUMC-42-2015675-PANC-TR3104,train
VUMC-2-2016681-PANC-TR3114,train
VUMC-98-2015AMC005-PANC-TR3127,train
VUMC-10-2015790-PANC-TR3111,train
VUMC-24-2015294-PANC-TR3103,train
Vumc-HD-73-2016736-TR2628,train
Vumc-HD-95-2016532-TR2680,train
VUMC-1-2017940-PANC-TR3503,train
VUMC-21-20171239-PANC-TR3462,train
VUMC-67-2017628-PANC-TR3310,train
VUMC-70-2017853-PANC-TR3464,train
VUMC-71-2017197-PANC-TR3508,train
VUMC-118-20171351-PANC-TR3509,train
VUMC-127-2017497-PANC-TR3510,train
VUMC-138-2017198-PANC-TR3483,train
VUMC-146-2017440-PANC-TR3467,test
Vumc-BRMETA-13-TR1451,train
Vumc-BRMETA-12-TR1450,train
Vumc-Brain-metastasis-BRMETA3t0-TR1543,train
Vumc-BRMETA-VU654-TR2158,train
Vumc-BRMETA-16-TR2161,train
Vumc-BRMETA-VU692-TR2166,train
MGH-BrCa-H-11,train
MGH-BrCa-H-59,train
MGH-BrCa-H-66,train
MGH-BrCa-H-67,train
MGH-BrCa-H-68,test
MGH-BrCa-H-74,train
MGH-BrCa-H-75,test
MGH-BrCa-H-80,train
MGH-BrCa-H35-TR490,train
MGH-BrCa-H38-TR467,train
MGH-BrCa-H63-TR-491,train
MGH-BrCa-K22-TR473,train
MGH-BrCa-P25-TR497,train
MGH-BrCa-P27-TR498,train
MGH-BrCa-H114-TR630,train
MGH-BrCa-H128-TR635,train
MGH-BrCa-H56-TR603,train
MGH-BrCa-H57-TR410,train
MGH-BrCa-H64-TR607,train
MGH-BrCa-K16-TR553,test
MGH-BrCa-P16-TR613,train
MGH-BrCa-P17-TR569,train
MGH-BrCa-P21-TR614,train
MGH-BrCa-P32-TR618,train
MGH-BrCa-P33-TR619,train
MGH-BrCa-P37-TR621,train
MGH-BrCa-P38-TR622,test
MGH-BrCa-P39-TR623,train
MGH-BrCa-P3-TR568,train
MGH-BrCa-P42-TR625,train
MGH-BrCa-P43-TR626,train
MGH-BrCa-P45-TR627,train
MGH-BrCa-H118-TR665,test
MGH-BrCa-H119-TR679,train
MGH-BrCa-H120-TR680,test
MGH-BrCa-H121-TR681,train
MGH-BrCa-H124-TR697,train
MGH-BrCa-H125-TR698,train
MGH-BrCa-P10-TR701,train
MGH-BrCa-P11-TR702,train
MGH-BrCa-P12-TR703,train
MGH-BrCa-P13-TR704,train
MGH-BrCa-H110-TR851,train
MGH-BrCa-H115-TR662,train
MGH-BrCa-P9-TR700,train
MGH-BrCa-03-TR1173,train
MGH-BrCa-08-TR1174,train
MGH-BrCA-100-TR1185,train
MGH-BrCa-10-TR1184,train
MGH-BrCa-15-TR1175,train
MGH-BrCa-16-TR1176,train
MGH-BrCa-21-TR1177,train
MGH-BrCa-33-TR1186,train
MGH-BrCa-42-TR1187,train
MGH-BrCa-454-TR1188,train
MGH-BrCa-48-TR1178,train
MGH-BrCa-50-TR1179,train
MGH-BrCa-55-TR1189,train
MGH-BrCa-564-TR1191,train
MGH-BrCa-590-TR1193,train
MGH-BrCa-59-TR1192,train
MGH-BrCa-60-TR1194,train
MGH-BrCa-61-TR1195,train
MGH-BrCa-6-TR1200,train
MGH-BrCa-82-TR1199,train
MGH-BrCa-85-TR1196,train
MGH-BrCa-86-TR1197,train
MGH-BrCa-97-TR1198,test
MGH-H-201-Breast-TR3142,test
MGH-H-196-Breast-TR3162,train
MGH-H-199-Breast-TR3141,train
MGH-H-131-Breast-TR3177,train
MGH-H-216-Breast-TR3143,train
MGH-H-138-Breast-TR3180,test
MGH-H-147-Breast-TR3182,test
MGH-H-103-Breast-TR3175,train
MGH-H-104-Breast-TR3176,test
MGH-H-133-Breast-TR3178,train
MGH-H-136-Breast-TR3179,train
MGH-H-186-Breast-TR3224,train
MGH-H-188-Breast-TR3225,test
MGH-H-146-Breast-TR3181,test
MGH-H-198-Breast-TR3226,train
TR3223-BREAST-MGH,train
Vumc-Chol-2015793,train
MGH-CRC-BRAF4-TR547,train
AMC-Chol-004-TR2074,test
AMC-Chol-006-TR2089,train
AMC-Chol-007-TR2090,train
AMC-Chol-008-TR2091,test
AMC-Chol-010-TR2093,test
AMC-Chol-013-TR2096,test
AMC-Chol-017-TR2100,test
AMC-Chol-022-TR2104,train
AMC-Chol-023-TR2105,train
AMC-Chol-024-TR2106,test
AMC-Chol-025-TR2107,train
MGH-Chol-Bd-1-TR2076,train
MGH-Chol-Bd-2-TR2077,train
MGH-Chol-Bd-4-TR2078,train
MGH-Chol-Bd-7-TR2081,train
MGH-Chol-Bd-11-TR2109,train
MGH-Chol-Bd-16-TR2111,train
VUMC-Chol-108-2015039-TR2997,train
VUMC-Chol-17-20171234-TR3000,train
VUMC-Chol-24-2017120-TR3001,train
VUMC-Chol-52-2015162-TR3002,train
VUMC-CHOL-79--20161140-TR3013,test
VUMC-Chol-5-2017263-TR3016,train
VUMC-Chol-9-2015892-TR3017,train
VUMC-Chol-86-20155964-TR3021,train
VUMC-CHOL-48-2015037-TR2898,train
VUMC-CHOL-81-2015952-TR2899,train
VUMC-CHOL-2-20171209-TR2928,train
VUMC-CHOL-33-2016716-TR2931,train
VUMC-CHOL-43-2016734-TR2933,train
VUMC-CHOL-51-20161059-TR2977,train
VUMC-CHOL-78-2016114-TR2978,train
VUMC-CHOL-89-2016719-TR2979,train
Vumc-PDAC-99-20161180-TR2623,train
VUMC-46-20171274-PANC-TR3415,train
VUMC-144-20171340-PANC-TR3466,train
VUMC-92-2016610-PANC-TR3010,train
VUMC-77-20155964-PANC-TR3019,train
VUMC-82-20161136-PANC-TR3020,train
VUMC-109-20171334-PANC-TR3502,train
MGH-BD-29-CHOL-TR3155,test
MGH-BD-25-CHOL-TR3151,train
MGH-BD-26-CHOL-TR3152,train
MGH-BD-27-CHOL-TR3153,train
MGH-BD-28-CHOL-TR3154,test
MGH-BD-31-CHOL-TR3157,train
MGH-BD-18-CHOL-TR3145,train
MGH-BD-21-CHOL-TR3147,train
MGH-BD-30-CHOL-TR3156,train
MGH-BD-23-CHOL-TR3149,train
MGH-BD-24-CHOL-TR3150,train
MGH-BD-17-CHOL-TR3144,train
MGH-BD-22-CHOL-TR3148,train
TR3261-HCC-MGH,train
Vumc-ChronPan-29-TR1045,train
Vumc-ChronPan-59-TR1046,train
Vumc-ChronPan-61-TR1047,train
Vumc-ChronPan-21-2016119-TR1947,train
Vumc-chPan-117-2015563-TR1945,train
Vumc-chPan-37-20161051-TR2688,test
Vumc-chPan-38-2016720-TR2689,train
Vumc-chPan-84-2016313-TR2652,train
Vumc-chPan93-201611735-TR2653,train
Vum-chPan-44-2016109-TR2636,train
VUMC-27-20171251-PANC-TR3302,test
VUMC-88-2017767-PANC-TR3379,train
VUMC-108-2017135-PANC-TR3418,train
VUMC-254-CHIR-AMC-PANC-TR3422,train
Vumc-BRMETA-15-TR2160,train
Vumc-ORC-01-001-TR2324,test
Vumc-ORC-01-002-TR2325,train
Vumc-ORC-01-003-TR2326,train
Vumc-ORC-01-013-TR2333,test
Vumc-ORC-01-014-TR2334,train
Vumc-ORC-01-020-TR2358,train
Vumc-ORC-01-021-TR2359,train
Vumc-ORC-01-022-TR2360,test
Vumc-ORC-01-023-TR2361,train
Vumc-ORC-01-024-TR2362,train
Vumc-ORC-01-025-TR2363,train
Vumc-ORC-01-027-TR2365,test
Vumc-ORC-01-029-TR2366,train
Vumc-ORC-01-031-TR2368,train
Vumc-ORC-01-032-TR2369,test
Vumc-ORC-01-035-TR2371,train
Vumc-ORC-01-042-TR2375,train
Vumc-ORC-01-047-TR2379,test
Vumc-ORC-01-005-TR2327,train
Vumc-ORC-01-009-TR2329,train
Vumc-ORC-01-010-TR2330,test
Vumc-ORC-01-011-TR2331,train
Vumc-ORC-01-012-TR2332,test
Vumc-ORC-01-017-TR2356,train
Vumc-ORC-01-018-TR2357,train
Vumc-ORC-01-030-TR2367,train
Vumc-ORC-01-033-TR2370,train
Vumc-ORC-01-038-TR2373,train
Vumc-ORC-01-039-TR2374,train
Vumc-ORC-01-043-TR2376,train
VIENNA-Vien-7-CRC-TR2954,train
Vienna-CRC-Vien-8-TR2955,train
MGH-C-49-CRC-TR3232,test
MGH-C-42-CRC-TR3193,train
MGH-C-58-CRC-TR3237,train
MGH-C-40-CRC-TR3192,train
MGH-C-51-CRC-TR3234,test
MGH-C-64-CRC-TR3241,train
MGH-C-71-CRC-TR3199,train
MGH-C-72-CRC-TR3200,train
MGH-C-73-CRC-TR3201,test
MGH-C-74-CRC-TR3202,train
MGH-C-69-CRC-TR3246,train
MGH-C-48-CRC-TR3231,train
TR3242-CRC-MGH,train
TR3841-CRC-MGH,train
TR3843-CRC-MGH,train
TR3845-CRC-MGH,train
TR3838-CRC-MGH,train
TR3833-CRC-MGH,train
TR3835-CRC-MGH,test
TR3837-CRC-MGH,train
TR3834-CRC-MGH,train
TR3836-CRC-MGH,train
TR3842-CRC-MGH,train
TR3243-CRC-MGH,train
TR3840-CRC-MGH,test
Vumc-IPMN-6215176-TR331,train
Vumc-IPMN-57-TR1039,train
Vumc-IPMN-89-2015996-TR1928,train
Vumc-IPMN-47-20161073-TR2632,train
Vumc-IPMN-49-2016907-TR2651,train
Vumc-IPMN-54-2016450-TR2633,train
Vumc-IPMN-55-2016574-TR2634,test
Vumc-IPMN-80-20161534-TR2675,train
VUMC-83-2017265-PANC-TR3312,train
Vumc-HD-41-201669969-TR2669,train
VUMC-35-2015994-PANC-TR3115,train
Vumc-HD-42-2016395-TR2690,train
VUMC-19-20171232-PANC-TR3414,train
TR3496-PANC-VUMC,test
TR3513-PANC-VUMC,train
TR3495-PANC-VUMC,train
TR3512-PANC-VUMC,train
TR3514-PANC-VUMC,test
TR3493-PANC-VUMC,train
TR3491-PANC-VUMC,train
TR3494-PANC-VUMC,train
TR3516-PANC-VUMC,train
TR3488-PANC-VUMC,train
TR3492-PANC-VUMC,train
TR3489-PANC-VUMC,train
TR3490-PANC-VUMC,test
TR3515-PANC-VUMC,train
Vienna-CRC-Vien-18-TR2996,train
Vienna-CRC-Vien-5-TR2952,test
Vienna-CRC-Vien-13-TR2991,test
TR3949-OVA-CATH,test
TR4013-OVA-GDANSK,test
TR4014-OVA-Supernat,train
TR4016-OVA-GDANSK,train
TR4021-OVA-Supernat,train
TR4025-OVA-Supernat,train
TR4027-OVA-Supernat,train
TR4045-OVA-Supernat,train
TR4047-OVA-Supernat,train
TR4051-OVA-Supernat,train
TR4052-OVA-Supernat,train
TR4055-OVA-Supernat,test
TR4095-OVA-Supernat,train
TR4104-OVA-Supernat,train
TR4150-OVA-Supernat,train
TR4216-OVA-Supernat,test
TR4217-OVA-Supernat,train
TR4278-OVA-GDANSK,train
TR4331-OVA-GDANSK,train
TR4333-OVA-GDANSK,train
TR4334-OVA-GDANSK,train
TR4319-OVA-GDANSK,train
TR4321-OVA-GDANSK,train
TR4322-OVA-GDANSK,train
TR4323-OVA-GDANSK,train
TR4324-OVA-GDANSK,train
TR4327-OVA-GDANSK,train
TR4328-OVA-GDANSK,train
TR4330-OVA-GDANSK,train
TR4346-OVA-GDANSK,train
TR4347-OVA-GDANSK,train
TR4348-OVA-GDANSK,test
TR4349-OVA-GDANSK,train
TR4350-OVA-GDANSK,train
TR4354-OVA-GDANSK,train
TR4381-OVA-GDANSK,train
TR4382-OVA-GDANSK,train
TR4383-OVA-GDANSK,train
TR4194-OVA-Supernat,train
Vumc-EPI003-TR797,train
Vumc-EPI004-TR798,train
Vumc-EPI005-TR799,train
Vumc-EPI006-TR800,test
Vumc-EPI008-TR802,test
Vumc-EPI-015-TR1435,train
Vumc-EPI-016-TR1437,train
Vumc-EPI-002-TR1462,train
Vumc-EPI-007-TR1463,train
Vumc-EPI-011-TR1465,test
Vumc-EPI-013-TR1467,train
Vumc-EPI-014-TR1427,train
Vumc-EPI-001-TR1425,test
Vumc-EPI-022-TR1438,train
Vumc-EPI-009-TR1464,test
Vumc-EPI-010-TR1426,train
Vumc-EPI-016-TR1436,train
Vumc-EPI-019-TR1525,train
Vumc-EPI-018-TR1524,test
Vumc-EPI-020-TR1526,train
Vumc-EPI-017-TR1584,train
Vumc-EPI-030-TR2129,train
Vumc-EPI-032-TR2131,train
Vumc-EPI-033-TR2132,train
Vumc-EPI-VU667t0-TR2135,train
Vumc-EPI-VU627t0-TR2134,train
Vumc-EPI-023-TR2122,train
Vumc-EPI-024-TR2123,train
Vumc-EPI-025-TR2124,train
Vumc-EPI-029-TR2128,train
Vumc-EPI-026-TR2125,train
Vumc-EPI-027-TR2126,train
Vumc-EPI-028-TR2127,train
Vumc-EPI-034-TR2133,test
Vumc-EPI-041-TR2869,train
Vumc-EPI-042-TR2870,train
Vumc-EPI-043-TR2871,train
VUMC-EPI-035-TR2842,train
VUMC-EPI-036-TR2843,train
VUMC-EPI-038-TR2845,train
VUMC-EPI-040-TR2847,train
VUMC-EPI-037-EPI-TR2844,train
VUMC-EPI-039-EPI-TR2846,test
Vumc-Brain-metastasis-VU570-TR1603,train
UMCG-esoph-P94t0-TR2684,train
UMCG-esoph-P95t0-TR2685,test
UMCG-esoph-P96t0-TR2692,train
UMCG-esoph-P97t0-TR2693,train
UMCG-esoph-P98t0-TR2694,train
UMCG-esoph-P99t0-TR2695,train
UMCG-esoph-P100t0-TR2696,train
UMCG-esoph-P101t0-TR2697,test
UMCG-esoph-P102t0-TR2698,train
UMCG-esoph-P103t0-TR2699,train
GRON-P104-t0-ESO-TR3120,train
GRON-P105-t0-ESO-TR3121,train
MGH-E3-ESO-TR3191,train
MGH-E1-ESO-TR3230,test
Vumc-GBM-306-TR1346,test
Vumc-GBM-378-TR1347,test
Vumc-GBM-402-TR1348,test
Vumc-GBM-406-TR1349,train
Vumc-GBM-408-TR1350,train
Vumc-GBM-417-TR1351,train
Vumc-GBM-436-TR1353,train
Vumc-GBM-438-TR1354,train
Vumc-GBM-439-TR1355,train
Vumc-GBM-440-TR1356,train
Vumc-GBM-443-TR1357,train
Vumc-GBM-445-TR1358,train
Vumc-GBM-456-TR1386,train
Vumc-GBM-468-TR1360,train
Vumc-GBM-471-TR1361,test
Vumc-GBM-476-TR1363,train
Vumc-GBM-480-TR1364,train
Vumc-GBM-484-TR1387,train
Vumc-GBM-485-TR1365,train
Vumc-GBM-499-TR1388,train
Vumc-GBM-505-TR1389,train
Vumc-GBM-489-t0-TR1479,train
Vumc-GBM-497t0-TR1481,train
Vumc-GBM-540t0-TR1485,test
Vumc-GBM-542t0-TR1486,train
Vumc-GBM-500tO-TR1582,train
Vumc-GBM-508t0-TR1517,train
Vumc-GBM-518t0-TR1584,train
Vumc-GBM-517t0-TR1518,train
Vumc-GBM-488t0-TR1514,test
Vumc-GBM-504t0-TR1516,train
Radb-GBM-N14-10-TR2146,train
Radb-GBM-N14-03-TR2142,train
Maas-GBM-M00010-TR2118,train
Maas-GBM-NICT-004G-TR2168,train
Maas-GBM-NICT-027G-TR2169,train
Maas-GBM-NICT-037G-TR2171,train
Maas-GBM-NICT-040G-TR2172,test
Maas-GBM-M00001-TR2112,train
Maas-GBM-M00002-TR2114,train
Maas-GBM-M00007-TR2116,train
Maas-GBM-M00009-TR2117,train
Maas-GBM-NICT-035G-TR2170,train
TR3819-GBM-VUMC,train
TR3675-GBM-VUMC,train
TR3703-GBM-VUMC,test
TR3717-GBM-VUMC,train
TR3723-GBM-VUMC,train
TR3707-GBM-VUMC,train
TR3684-GBM-VUMC,test
TR3696-GBM-VUMC,train
TR3681-GBM-VUMC,train
TR3770-GBM-VUMC,train
TR3726-GBM-VUMC,train
TR3687-GBM-VUMC,train
TR3712-GBM-VUMC,train
TR3690-GBM-VUMC,train
TR3809-GBM-VUMC,train
TR3815-GBM-VUMC,train
TR3677-GBM-VUMC,train
TR4795-NSCLC-MAAS,train
TR4796-NSCLC-MAAS,train
TR4797-NSCLC-MAAS,test
TR4798-NSCLC-MAAS,train
TR4799-NSCLC-MAAS,test
TR4800-NSCLC-MAAS,train
TR4801-NSCLC-MAAS,train
TR4802-NSCLC-MAAS,train
TR4803-NSCLC-MAAS,train
TR4804-NSCLC-MAAS,train
TR4805-NSCLC-MAAS,train
TR4806-NSCLC-MAAS,train
TR4807-NSCLC-MAAS,train
TR4808-NSCLC-MAAS,train
TR4809-NSCLC-MAAS,test
TR4810-NSCLC-MAAS,train
TR4811-NSCLC-MAAS,train
TR4812-NSCLC-MAAS,train
TR4813-NSCLC-MAAS,train
TR4814-NSCLC-MAAS,train
TR4815-NSCLC-MAAS,train
Vumc-headNeck-587-TR1050,test
Vumc-headNeck-589-TR1052,train
Vumc-headNeck-594-TR1056,train
Vumc-headNeck-604-TR1072,train
Vumc-headNeck-608-TR1074,test
Vumc-headNeck-610-TR1075,train
Vumc-headNeck-611-TR1092,train
Vumc-HNSCC-HN-616-TR1952,train
Vumc-HNSCC-HN-617-TR1974,train
Vumc-HNSCC-HN-619-TR1976,test
Vumc-HNSCC-HN-629-TR1981,train
Vumc-HNSCC-HN-630-TR1982,train
Vumc-HNSCC-HN-632-TR1983,train
Vumc-HNSCC-HN-642-TR1944,train
TR4088-HN-VU,train
TR4090-HN-VU,train
TR4068-HN-VU,test
TR4070-HN-VU,test
TR4073-HN-VU,test
TR4075-HN-VU,test
TR4077-HN-VU,train
TR4135-HN-VU,train
TR4137-HN-VU,test
TR4092-HN-VU,test
TR4094-HN-VU,test
TR4168-HN-VU,test
TR4125-HN-VU,train
TR4131-HN-VU,train
TR4134-HN-VU,train
TR4089-HN-VU,train
TR4091-HN-VU,train
TR4069-HN-VU,train
TR4071-HN-VU,train
TR4127-HN-VU,train
TR4128-HN-VU,train
TR4072-HN-VU,train
TR4074-HN-VU,test
TR4076-HN-VU,train
TR4078-HN-VU,train
TR4136-HN-VU,train
TR4138-HN-VU,test
TR4167-HN-VU,train
TR4241-HN-VUMC-BB,train
TR4243-HN-VUMC-BB,train
TR4245-HN-VUMC-BB,train
TR4249-HN-VUMC-BB,train
TR4251-HN-VUMC-BB,train
TR4253-HN-VUMC-BB,train
TR4256-HN-VUMC-BB,train
TR4260-HN-VUMC-BB,train
TR4258-HN-VUMC-BB,train
TR4257-HN-VUMC-BB,train
TR4261-HN-VUMC-BB,train
TR4247-HN-VUMC-BB,train
TR4254-HN-VUMC-BB,train
TR4227-HN-VUMC-BB,train
TR4228-HN-VUMC-BB,train
TR4240-HN-VUMC-BB,train
TR4242-HN-VUMC-BB,test
TR4244-HN-VUMC-BB,train
TR4246-HN-VUMC-BB,test
TR4250-HN-VUMC-BB,train
TR4252-HN-VUMC-BB,train
TR4255-HN-VUMC-BB,test
TR4080-HN-VUMC-BB,test
TR4537-HN-VUMC,train
TR4592-HN-VUMC,train
TR4596-HN-VUMC,train
TR4595-VUMC-HN,train
TR4593-VUMC-HN,train
TR4597-VUMC-HN,train
TR4684-URO-RAD,train
TR4700-URO-RAD,train
TR4701-URO-RAD,train
TR4760-URO-RAD,train
TR4758-URO-RAD,train
Vumc-Hodg-HL13-TR579,train
Vumc-Hodg-HL15-TR580,train
Vumc-HL-24-TR2405,train
Vumc-HL-27-TR2407,train
Vumc-HL-30-TR2409,test
Vumc-HL-32-TR2410,test
Vumc-HL-33-TR2411,train
Vumc-HL-37-TR2412,train
Vumc-HL-38-TR2413,test
Vumc-HL-47-TR2416,train
Vumc-HL-49-TR2417,train
Vumc-HL-56-TR2418,train
Vumc-HL-64-TR2419,train
Vumc-HL-65-TR2420,train
MGH-HL-2-HL-TR3140,train
TR3360-HL-MGH,test
TR3357-HL-MGH,train
TR3358-HL-MGH,train
TR3361-HL-MGH,train
TR3359-HL-MGH,train
Vienna-CRC-Vien-14-TR2992,train
Vienna-CRC-Vien-15-TR2993,test
Vienna-CRC-Vien-17-TR2995,train
Vienna-CRC-Vien-19-TR3004,test
Vienna-CRC-Vien-10-TR2974,train
Vienna-CRC-Vien-11-TR2975,train
Vumc-LGG-VU464-TR509,train
Vumc-LGG-VU490-TR512,train
Vumc-LGG-VU507-TR513,train
MGH-LGG-VU525-TR610,train
Vumc-LGG-446-1-TR584,train
Vumc-LGG-449-1-TR585,test
Vumc-LGG-VU441-1-TR583,train
Vumc-LGG-VU479-1-TR554,train
Vumc-LGG-VU487-1-TR555,train
Vumc-LGG-VU576-TR1611,train
Vumc-LGG-VU536-TR1592,train
Vumc-LGG-VU588-TR1612,test
Vumc-LGG-VU621-TR1722,train
Vumc-LGG-VU575-TR1610,train
Vumc-LGG-VU572-TR1609,train
Vumc-LGG-VU619-TR1615,test
Vumc-LGG-VU526-TR1590,train
Vumc-LGG-VU599-TR1613,train
Vumc-LGG-VU612-TR1614,train
Vumc-LGG-VU566-TR1608,train
Vumc-LGG-VU532-TR1591,train
Vumc-LGG-VU600-TR1665,train
Vumc-LGG-VU625-TR1723,train
Vumc-LGG-VU545-TR1902,train
Vumc-LGG-VU633-TR2150,train
Vumc-LGG-VU634-TR2151,train
Vumc-LGG-VU653-TR2152,train
Vumc-LGG-VU656-TR2154,train
Vumc-LGG-VU680-TR2155,test
Vumc-BRMETA-5-t0-TR1545,train
Vumc-BRMETA-10-TR1448,train
Vumc-Brain-metastasis-BRMETA1t0-TR1541,train
Vumc-Brain-metastasis-BRMETA2t0-TR1542,train
Vumc-BRMETA-VU659-TR2164,test
MGH-M-168-MELA-TR3158,test
MGH-M-172-MELA-TR3159,test
MGH-M-173-MELA-TR3160,train
MGH-M-185-MELA-TR3161,test
MGH-M-187-MELA-TR3146,train
MGH-M-184-MELA-TR3188,train
MGH-M-181-MELA-TR3185,train
MGH-M-182-MELA-TR3186,train
MGH-M-183-MELA-TR3187,train
MGH-M-198-MELA-TR3229,train
MGH-M-194-MELA-TR3227,train
MGH-M-174-MELA-TR3183,train
MGH-M-177-MELA-TR3184,train
MGH-M-197-MELA-TR3228,train
MGH-M-193-MELA-TR3190,train
TR3266-MELA-MGH,test
TR3764-URO-RAD,train
TR3766-URO-RAD,train
TR4602-URO-RAD,test
TR4603-URO-RAD,train
TR4604-URO-RAD,train
TR4605-URO-RAD,test
TR4608-URO-RAD,train
TR4714-URO-RAD,train
TR4763-URO-RAD,train
TR4695-URO-RAD,train
TR4764-URO-RAD,train
TR4698-URO-RAD,test
TR4751-URO-RAD,test
TR4686-URO-RAD,train
TR4687-URO-RAD,train
TR4702-URO-RAD,test
TR4703-URO-RAD,train
TR4754-URO-RAD,train
TR4756-URO-RAD,train
TR4765-MELA-RAD,train
TR4769-MELA-RAD,train
Vumc-MM-SMM6-TR2471,train
Vumc-MM-MM9-TR2453,train
Vumc-MS-001-TR636,train
Vumc-MS-002-TR637,test
Vumc-MS-003-TR638,test
Vumc-MS-004-TR639,train
Vumc-MS-005-TR640,train
Vumc-MS-007-TR641,test
Vumc-MS-008-TR642,train
Vumc-MS-009-TR643,train
Vumc-MS-010-TR644,train
Vumc-MS-011-TR645,train
Vumc-MS-013-TR672,train
Vumc-MS-014-TR673,train
Vumc-MS-015-TR696,train
Vumc-MS-012-TR850,train
Vumc-MS-016-TR852,train
Vumc-MS-017-TR853,train
Vumc-MS-018-TR854,test
Vumc-MS-019-TR855,train
Vumc-MS-Presto-025-TR1433,train
Vumc-MS-Presto-042-TR1443,train
Vumc-MS-Presto-023-TR1431,train
Vumc-MS-Presto-039-TR1440,train
Vumc-MS-Presto-040-TR1441,train
Vumc-MS-Presto-030-TR1471,train
Vumc-MS-Presto-032-TR1473,test
Vumc-MS-Presto-021-TR1429,train
Vumc-MS-Presto-020-TR1428,train
Vumc-MS-Presto-022-TR1430,train
Vumc-MS-Presto-024-TR1432,train
Vumc-MS-Presto-037-TR1477,train
Vumc-MS-Presto-027-TR1468,train
Vumc-MS-Presto-029-TR1470,test
Vumc-MS-Presto-044-TR1445,train
Vumc-MS-Presto-031-TR1472,train
Vumc-MS-Presto-034-TR1474,test
Vumc-MS-Presto-038-TR1478,train
Vumc-MS-Presto-041-TR1442,train
Vumc-MS-Presto-043-TR1444,test
Vumc-MS-Presto-045-TR1446,train
Vumc-MS-Presto-036-TR1476,train
Vumc-MS-Presto-048-TR1529,train
Vumc-MS-Presto-026-TR1439,train
Vumc-MS-Presto-049-TR1530,train
Vumc-MS-Presto-035-TR1475,test
Vumc-MS-033-TR1585,train
Vumc-MS-062-TR1540,train
Vumc-MS-055-TR1586,train
Vumc-MS-050-TR1531,train
Vumc-MS-056-TR1535,train
Vumc-MS-057-TR1536,test
Vumc-MS-059-TR1538,train
Vumc-MS-058-TR1537,train
Vumc-MS-054-TR1447,train
Vumc-MS-053-TR1534,train
Vumc-MS-051-TR1532,train
Vumc-MS-061-TR1587,train
Vumc-MS-052-TR1533,train
Vumc-MS-028-TR1469,train
Vumc-MS-302-TR2173,test
Vumc-MS-064-TR2174,train
Vumc-MS-065-TR2175,train
Vumc-MS-063-TR2305,train
Vumc-MS-066-TR2303,test
Vumc-MS-067-TR2307,test
Vumc-MS-068-TR2308,train
Vumc-MS-069-TR2309,train
Vumc-MS-070-TR2310,test
TR3853-MS-MGH,train
TR3990-MS-MGH,train
TR3847-MS-MGH,test
TR3851-MS-MGH,train
TR3926-MS-MGH,train
TR3920-MS-MGH,train
TR3925-MS-MGH,train
TR3852-MS-MGH,train
TR3849-MS-MGH,train
TR3922-MS-MGH,train
TR3854-MS-MGH,train
TR3848-MS-MGH,test
TR3921-MS-MGH,train
TR3923-MS-MGH,test
TR3924-MS-MGH,test
TR3850-MS-MGH,train
TR3846-MS-MGH,train
TR3989-MS-MGH,train
TR4033-MS-MGH,train
UMCU-NSAth-1-0127-TR827,test
UMCU-NSAth-1-0147-TR829,train
UMCU-NSAth-1-0151-TR830,train
UMCU-NSAth-1-0155-TR831,train
UMCU-NSAth-1-0190-TR832,train
UMCU-non-sign-athero-2-0657-TR1986,train
UMCU-non-sign-athero-4-1669-TR1987,train
UMCU-non-sign-athero-4-1670-TR1988,train
UMCU-non-sign-athero-4-1675-TR1989,train
UMCU-non-sign-athero-4-1691-TR1990,test
UMCU-non-sign-athero-4-1696-TR1992,train
UMCU-nonSignAth3-1079-TR2045,train
Vumc-BRMETA-11-TR1449,train
Vumc-BRMETA-8t0-TR1546,train
Vumc-BRMETA-4t0-TR1544,train
Vumc-Brain-metastasis-VU589-TR1605,train
Vumc-Brain-metastasis-BRMETA9-TR1710,test
Vumc-BRMETA-14-TR2159,train
Vumc-BRMETA-VU651-TR2157,train
Vumc-BRMETA-VU694-TR2167,test
Vumc-BRMETA-VU687-TR2165,test
MGH-NSCLC-L-42,train
MGH-NSCLC-L-47,test
MGH-NSCLC-L-92,train
MGH-NSCLC-L-96,train
Vumc-NSCLC-027,test
Vumc-NSCLC-054,train
Vumc-NSCLC-068,train
Vumc-NSCLC-070,train
Vumc-NSCLC-088,test
Vumc-NSCLC-093,test
Vumc-NSCLC-094,train
Vumc-NSCLC-103,train
Vumc-NSCLC-117,train
Vumc-NSCLC-118,train
Vumc-NSCLC-120,train
Vumc-NSCLC-121,train
Vumc-NSCLC-123,train
Vumc-NSCLC-124,train
Vumc-NSCLC-127,train
Vumc-NSCLC-128,test
Vumc-NSCLC-129,train
Vumc-NSCLC-137,train
Vumc-NSCLC-141,train
Vumc-NSCLC-145,train
Vumc-NSCLC-147,train
Vumc-NSCLC-155,test
Vumc-NSCLC-49,train
Vumc-NSCLC-57,train
Vumc-NSCLC-59,train
Vumc-NSCLC-69,train
MGH-NSCLC-L03-TR488,train
MGH-NSCLC-L100-TR526,train
MGH-NSCLC-L114-TR527,train
MGH-NSCLC-L12-TR478,train
MGH-NSCLC-L18-TR479,train
MGH-NSCLC-L19-TR461,test
MGH-NSCLC-L20-TR500,train
MGH-NSCLC-L22-TR462,train
MGH-NSCLC-L23-TR524,train
MGH-NSCLC-L25-TR480,test
MGH-NSCLC-L32-TR501,train
MGH-NSCLC-L36-TR502,train
MGH-NSCLC-L37-TR503,train
MGH-NSCLC-L39-TR519,train
MGH-NSCLC-L44-TR504,test
MGH-NSCLC-L51-TR521,train
MGH-NSCLC-L56-TR481,train
MGH-NSCLC-L99-TR464,train
Pang-NSCLC-B295-2-TR454,train
Pang-NSCLC-B739-1-TR455,train
Vumc-NSCLC-052-TR460,train
Vumc-NSCLC-071-TR486,train
Vumc-NSCLC-107-TR487,train
MGH-NSCLC-L33-TR600,train
MGH-NSCLC-L41-TR616,train
MGH-NSCLC-L48-TR577,train
MGH-NSCLC-L73-TR578,train
MGH-NSCLC-L88-TR601,train
Vumc-LGG-VU028-1-TR633,test
Vumc-NSCLC-VU028-TR632,train
Vumc-NSCLC-VU079-TR631,test
MGH-NSCLC-L120-TR714,train
MGH-NSCLC-L125-TR716,train
MGH-NSCLC-L126-TR717,train
MGH-NSCLC-L127-TR718,test
MGH-NSCLC-L128-TR719,train
MGH-NSCLC-L78-TR695,train
NKI-NSCLC-107-599-TR743,test
Vumc-NSCLC-174-TR669,train
MGH-NSCLC-L115-TR684,train
MGH-NSCLC-L116-TR685,train
MGH-NSCLC-L118-TR687,train
MGH-NSCLC-L119-TR688,train
MGH-NSCLC-L126-TR917,train
MGH-NSCLC-L130-TR908,test
MGH-NSCLC-L133-TR910,test
MGH-NSCLC-L134-TR911,train
MGH-NSCLC-L149-TR883,train
MGH-NSCLC-L169-TR914,train
MGH-NSCLC-L178-TR918,train
Vumc-NSCLC-165-TR692,train
Vumc-NSCLC-168-TR694,test
Vumc-NSCLC-202-TR900,test
Vumc-NSCLC-105-TR950,train
Vumc-NSCLC-157-TR955,test
Vumc-NSCLC-158-TR956,train
Vumc-NSCLC-161-TR958,train
Vumc-NSCLC-166-TR960,test
Vumc-NSCLC-169-TR961,train
Vumc-NSCLC-207-TR981,train
Vumc-NSCLC-210-TR982,train
Vumc-NSCLC-218-TR983,train
Vumc-NSCLC-255-TR1006,train
Vumc-NSCLC-278-TR1048,train
Vumc-NSCLC-361-TR1036,train
NKI-NSCLC-706-TR1314,test
NKI-NSCLC-868-TR1316,train
NKI-NSCLC-1205-TR1320,train
NKI-NSCLC-1019-TR1277,train
NKI-NSCLC-1244-TR1280,train
NKI-NSCLC-1043-TR1283,test
NKI-NSCLC-1109-TR1284,test
NKI-NSCLC-1016-TR1329,train
NKI-NSCLC-352-TR1330,train
NKI-NSCLC-1553-TR1331,train
NKI-NSCLC-404-TR1278,train
NKI-NSCLC-582-TR1279,train
NKI-NSCLC-1054-TR1324,train
NKI-NSCLC-1041-TR1281,train
NKI-NSCLC-879-TR1315,train
NKI-NSCLC-1255-TR1321,train
NKI-NSCLC-1485-TR1340,train
NKI-NSCLC-1667-TR1341,train
NKI-NSCLC-1151-TR1899,train
NKI-NSCLC-1222-TR1837,train
NKI-NSCLC-1292-TR1806,train
NKI-NSCLC-1523-TR1846,train
NKI-NSCLC-1544-TR1891,test
NKI-NSCLC-1589-TR1895,train
NKI-NSCLC-1593-TR1845,train
NKI-NSCLC-1653-TR1893,train
NKI-NSCLC-1663-TR1808,train
NKI-NSCLC-1665-TR1894,train
NKI-NSCLC-1671-TR1912,train
NKI-NSCLC-1725-TR1896,train
NKI-NSCLC-1777-TR1788,train
NKI-NSCLC-1844-TR1890,train
NKI-NSCLC-1922-TR1841,train
NKI-NSCLC-1924-TR1892,train
NKI-NSCLC-1931-TR1840,train
NKI-NSCLC-1946-TR1898,train
NKI-NSCLC-2006-TR1842,train
NKI-NSCLC-2126-TR1843,test
NKI-NSCLC-2150-TR1847,test
NKI-NSCLC-2153-TR1839,train
NKI-NSCLC-2220-TR1807,train
NKI-NSCLC-2237-TR1853,train
NKI-NSCLC-2403-TR1844,train
NKI-NSCLC-2417-TR1857,train
NKI-NSCLC-2713-TR2205,train
Vumc-NSCLC-603-TR2184,train
Vumc-NSCLC-598-TR2185,train
Vumc-NSCLC-756-TR2189,train
Vumc-NSCLC-764-TR2190,train
Vumc-NSCLC-848-TR2192,train
Vumc-NSCLC-843-TR2193,train
Vumc-NSCLC-879-TR2194,train
Vumc-NSCLC-1092-TR2195,train
Vumc-NSCLC-1286-TR2198,train
Vumc-NSCLC-1190-TR2199,train
Vumc-NSCLC-273-TR2176,train
Vumc-NSCLC-285-TR2177,train
Vumc-NSCLC-374-TR2178,train
Vumc-NSCLC-483-TR2179,train
Vumc-NSCLC-546-TR2180,train
Vumc-NSCLC-551-TR2181,test
Vumc-NSCLC-611-TR2183,train
Vumc-NSCLC-734-TR2187,train
Vumc-NSCLC-749-TR2188,test
Vumc-NSCLC-821-TR2191,test
Vumc-NSCLC-1339-TR2197,test
NKI-NSCLC-2593-TR2201,test
NKI-NSCLC-3017-TR2209,train
NKI-NSCLC-3035-TR2210,train
NKI-NSCLC-3020-TR2211,test
NKI-NSCLC-3048-TR2212,train
NKI-NSCLC-3057-TR2213,train
NKI-NSCLC-4147-TR2216,train
NKI-NSCLC-3951-TR2218,train
Vumc-NSCLC-1052-TR2196,train
NKI-NSCLC-3658-TR2223,train
NKI-NSCLC-2486-TR2200,train
NKI-NSCLC-2602-TR2202,train
NKI-NSCLC-2586-TR2203,train
NKI-NSCLC-2805-TR2204,train
NKI-NSCLC-2530-TR2206,train
NKI-NSCLC-2785-TR2208,test
NKI-NSCLC-2630-TR2224,train
NKI-NSCLC-2690-TR2228,train
Vumc-NSCLC-441-TR2238,test
Vumc-NSCLC-560-TR2240,train
Vumc-NSCLC-1064-TR2251,train
Vumc-NSCLC-1322-TR2254,train
Vumc-NSCLC-1204-TR2255,train
Vumc-NSCLC-361-TR2237,train
Vumc-NSCLC-487-TR2239,test
Vumc-NSCLC-604-TR2241,train
Vumc-NSCLC-670-TR2242,train
Vumc-NSCLC-717-TR2243,train
Vumc-NSCLC-1141-TR2248,train
Vumc-NSCLC-845-TR2249,train
Vumc-NSCLC-679-TR2244,train
Vumc-NSCLC-789-TR2245,train
Vumc-NSCLC-847-TR2247,train
Vumc-NSCLC-1360-TR2252,train
Vumc-NSCLC-1193-TR2253,train
Vumc-NSCLC-1025-TR2250,train
NKI-NSCLC-3100-TR2261,train
NKI-NSCLC-3178-TR2265,train
NKI-NSCLC-3382-TR2268,test
NKI-NSCLC-3252-TR2269,train
NKI-NSCLC-3083-TR2262,train
NKI-NSCLC-3177-TR2260,train
NKI-NSCLC-3249-TR2264,train
NKI-NSCLC-3899-TR2217,train
NKI-NSCLC-3679-TR2222,train
NKI-NSCLC-3131-TR2236,train
NKI-NSCLC-3096-TR2235,train
NKI-NSCLC-2993-TR2234,train
NKI-NSCLC-2777-TR2233,train
NKI-NSCLC-2775-TR2232,train
NKI-NSCLC-2932-TR2231,train
NKI-NSCLC-3257-TR2266,train
NKI-NSCLC-3101-TR2257,train
NKI-NSCLC-3022-TR2259,train
Vumc-NSCLC-388-TR2477,train
Vumc-NSCLC-782-TR2501,test
Vumc-NSCLC-928-TR2504,train
Vumc-NSCLC-393-TR2478,test
Vumc-NSCLC-804-TR2502,train
Vumc-NSCLC-390-TR2479,test
Vumc-NSCLC-459-TR2480,test
Vumc-NSCLC-539-TR2482,train
NKI-NSCLC-0334-TR2506,train
NKI-NSCLC-0423-TR2507,test
NKI-NSCLC-0117-TR2484,test
NKI-NSCLC-0640-TR2509,train
NKI-NSCLC-5465-TR2524,train
NKI-NSCLC-0193-TR2486,train
NKI-NSCLC-0229-TR2488,test
NKI-NSCLC-0762-TR2511,train
NKI-NSCLC-0818-TR2512,train
NKI-NSCLC-0527-TR2489,test
NKI-NSCLC-0760-TR2490,train
NKI-NSCLC-2332-TR2513,train
NKI-NSCLC-1691-TR2491,train
NKI-NSCLC-2381-TR2514,train
NKI-NSCLC-2679-TR2492,train
NKI-NSCLC-4888-TR2493,train
NKI-NSCLC-3209-TR2517,train
MGH-NSCLC-L189-TR2494,train
MGH-NSCLC-L190-TR2495,train
NKI-NSCLC-4067-TR2519,test
MGH-NSCLC-L195-TR2496,train
NKI-NSCLC-4202-TR2520,train
MGH-NSCLC-L206-TR2497,train
NKI-NSCLC-4245-TR2521,train
MGH-NSCLC-L216-TR2498,train
NKI-NSCLC-4649-TR2522,test
NKI-NSCLC-4780-TR2523,test
MGH-NSCLC-L194-TR2500,train
NKI-NSCLC-3338-TR2341,train
NKI-NSCLC-3575-TR2311,train
NKI-NSCLC-3588-TR2390,train
NKI-NSCLC-3589-TR2388,train
NKI-NSCLC-3642-TR2344,test
NKI-NSCLC-3658-TR2347,train
NKI-NSCLC-3688-TR2349,train
NKI-NSCLC-3715-TR2348,train
NKI-NSCLC-3723-TR2393,train
NKI-NSCLC-3851-TR2391,test
NKI-NSCLC-3949-TR2431,train
NKI-NSCLC-4021-TR2395,train
NKI-NSCLC-4112-TR2396,test
NKI-NSCLC-4147-TR2352,test
NKI-NSCLC-4185-TR2397,train
NKI-NSCLC-4373-TR2399,train
NKI-NSCLC-4377-TR2401,train
NKI-NSCLC-4488-TR2400,test
NKI-NSCLC-4518-TR2402,train
Vumc-NSCLC-1213-TR2312,train
Vumc-NSCLC-1228-TR2319,train
Vumc-NSCLC-1281-TR2313,train
Vumc-NSCLC-1375-TR2314,train
MGH-NSCLC-L103-TR2542,train
MGH-NSCLC-L123-TR2543,test
MGH-NSCLC-L180-TR2544,train
MGH-NSCLC-L237-TR2700,train
MGH-NSCLC-L266-TR2701,train
MGH-NSCLC-L369-TR2702,train
MGH-NSCLC-L459-TR2703,test
MGH-NSCLC-L465-TR2704,train
MGH-NSCLC-L477-TR2705,train
Vumc-NSCLC-003-TR2532,train
Vumc-NSCLC-068-TR2533,train
Vumc-NSCLC-1120-TR2535,train
Vumc-NSCLC-1422-TR2536,test
Vumc-NSCLC-1507-TR2537,train
Vumc-NSCLC-1594-TR2538,train
Vumc-NSCLC-1622-TR2539,train
Vumc-NSCLC-1721-TR2540,test
Vumc-NSCLC-222-TR2534,train
UMCG-NSCLC-951-TR2757,train
Vumc-NSCLC-207-TR2336,train
UMCG-NSCLC-962-TR2759,train
UMCG-NSCLC-964-TR2760,train
UMCG-NSCLC-1016-TR2761,train
UMCG-NSCLC-1022-TR2763,train
UMCG-NSCLC-1023-TR2764,train
UMCG-NSCLC-1027-TR2765,test
UMCG-NSCLC-1029-TR2766,train
UMCG-NSCLC-1030-TR2767,train
UMCG-NSCLC-952-TR2804,train
Vumc-NSCLC-1232-TR2384,train
UMCG-NSCLC-982-TR2805,train
Vumc-NSCLC-986-TR2317,train
Vumc-NSCLC-1308-TR2318,train
UMCG-NSCLC-1000-TR2808,train
UMCG-NSCLC-1015-TR2809,test
UMCG-NSCLC-1031-TR2810,train
UMCG-NSCLC-1035-TR2812,train
UMCG-NSCLC-1053-TR2813,train
UMCG-NSCLC-1064-TR2815,train
UMCG-NSCLC-1068-TR2817,test
UMCG-NSCLC-1070-TR2818,train
UMCG-NSCLC-1071-TR2819,train
Vumc-NSCLC-1333-TR2335,train
Vumc-NSCLC-1424-TR2430,train
Vumc-NSCLC-1330-TR2315,train
UMCG-NSCLC-1104-TR2873,train
Pang-NSCLC-U5588-T0-TR2706,train
Pang-NSCLC-U6414-TR2707,train
Pang-NSCLC-U6702-TR2708,train
Vumc-NSCLC-1084-TR2320,train
Vumc-NSCLC-1386-TR2321,train
Vumc-NSCLC-1277-TR2322,train
Vumc-NSCLC-1448-TR2323,test
UMCG-NSCLC-1066-TR2816,test
Vumc-NSCLC-1421-TR2429,train
Vumc-NSCLC-1444-TR2383,train
Vumc-NSCLC-1431-TR2338,test
Vumc-NSCLC-1156-TR2385,train
UMCG-NSCLC-987-TR2806,train
NKI-NSCLC-3673-TR2389,test
NKI-NSCLC-3736-TR2392,test
UMCG-NSCLC-1077-TR2709,train
UMCG-NSCLC-1082-TR2710,train
UMCG-NSCLC-1099-TR2712,train
UMCG-NSCLC-1117-TR2714,train
UMCG-NSCLC-1145-TR2715,test
UMCG-NSCLC-1160-TR2723,test
UMCG-NSCLC-965-TR2780,train
UMCG-NSCLC-966-TR2781,train
UMCG-NSCLC-967-TR2782,train
UMCG-NSCLC-968-TR2783,train
UMCG-NSCLC-969-TR2784,train
UMCG-NSCLC-979-TR2785,train
UMCG-NSCLC-981-TR2786,test
UMCG-NSCLC-988-TR2788,train
UMCG-NSCLC-990-TR2789,train
UMCG-NSCLC-993-TR2790,train
UMCG-NSCLC-996-TR2791,test
UMCG-NSCLC-1002-TR2792,train
UMCG-NSCLC-1003-TR2793,train
UMCG-NSCLC-1004-TR2794,train
UMCG-NSCLC-1005-TR2795,train
UMCG-NSCLC-1008-TR2796,test
UMCG-NSCLC-1037-TR2798,test
UMCG-NSCLC-1038-TR2799,test
UMCG-NSCLC-1043-TR2800,train
UMCG-NSCLC-1045-TR2801,train
UMCG-NSCLC-1047-TR2802,train
UMCG-NSCLC-1051-TR2803,test
UMCG-NSCLC-986-TR2848,train
UMCG-NSCLC-1032-TR2849,train
UMCG-NSCLC-1057-TR2850,train
UMCG-NSCLC-1073-TR2851,test
UMCG-NSCLC-1075-TR2852,train
UMCG-NSCLC-1080-TR2853,train
UMCG-NSCLC-1097-TR2856,train
UMCG-NSCLC-1098-TR2857,train
UMCG-NSCLC-1101-TR2858,train
UMCG-NSCLC-1103-TR2859,train
UMCG-NSCLC-1119-TR2733,train
UMCG-NSCLC-1120-TR2734,train
UMCG-NSCLC-1124-TR2735,test
UMCG-NSCLC-1127-TR2736,train
UMCG-NSCLC-1128-TR2737,train
UMCG-NSCLC-1130-TR2738,train
UMCG-NSCLC-1132-TR2739,train
UMCG-NSCLC-1133-TR2740,train
UMCG-NSCLC-1136-TR2741,train
UMCG-NSCLC-1137-TR2742,train
UMCG-NSCLC-1140-TR2743,train
UMCG-NSCLC-1141-TR2744,test
NKI-NSCLC-4595-TR2911,train
NKI-NSCLC-4618-TR2912,train
NKI-NSCLC-4678-TR2915,test
UMCG-NCSLC-1166-TR2956,test
NKI-NSCLC-4861-TR2958,train
VUMC-NSCLC-1383-TR2316,test
UMCG-NCSLC-1096-TR2872,train
NKI-NSCLC-5195-TR2938,train
VUMC-NSCLC-1434-TR2340,train
VUMC-NSCLC-1336-TR2387,train
UMCG-NCSLC-991-TR2807,train
UMCG-NCSLC-1033-TR2811,train
UMCG-NCSLC-1054-TR2814,train
UMCG-NCSLC-1150-TR2881,test
UMCG-NCSLC-1151-TR2882,train
UMCG-NCSLC-985-TR2787,train
UMCG-NCSLC-1112-TR2876,train
UMCG-NCSLC-1153-TR2883,train
UMCG-NCSLC-1154-TR2884,train
NKI-NSCLC-3639-TR2935,train
NKI-NSCLC-5135-TR2937,train
NKI-NSCLC-5207-TR2939,train
NKI-NSCLC-4916-TR2893,train
NKI-NSCLC-5021-TR2896,train
UMCG-NCSLC-1115-TR2877,train
UMCG-NCSLC-1116-TR2878,train
UMCG-NCSLC-1144-TR2879,test
UMCG-NCSLC-1159-TR2885,train
UMCG-NCSLC-1162-TR2886,train
NKI-NSCLC-4987-TR2895,train
UMCG-NCSLC-1149-TR2880,train
UMCG-NCSLC-1076-TR3027,train
UMCG-NCSLC-1081-TR3028,train
UMCG-NCSLC-1090-TR3030,train
UMCG-NCSLC-1094-TR3031,test
NKI-NSCLC-4375-TR3032,train
NKI-NSCLC-4509-TR3033,train
NKI-NSCLC-4524-TR3034,test
NKI-NSCLC-4653-TR3035,train
VUMC-Vumc-1457-NSCLC-TR3051,train
VUMC-vumc-1529-NSCLC-TR3054,train
VUMC-Vumc-1556-NSCLC-TR3055,train
GRON-Gron-1118-NSCLC-TR3023,train
VUMC-VUmc-1576-NSCLC-TR3056,test
VUMC-Vumc-1740-NSCLC-TR3061,train
VUMC-Vumc-1773-NSCLC-TR3062,train
VUMC-Vumc-1867-NSCLC-TR3063,train
VUMC-Vumc-913-NSCLC-TR3169,train
VUMC-Vumc-1250-NSCLC-TR3172,train
VUMC-Vumc-1702-NSCLC-TR3174,train
VUMC-Vumc-1601-NSCLC-TR3164,train
VUMC-Vumc-1617-NSCLC-TR3165,train
VUMC-Vumc-1863-NSCLC-TR3166,train
VUMC-Vumc-1160-NSCLC-TR3171,train
VUMC-Vumc-1638-NSCLC-TR3173,train
VUMC-Vumc-1588-NSCLC-TR3163,train
VUMC-Vumc-1941-NSCLC-TR3167,train
VUMC-Vumc-1086-NSCLC-TR3170,test
TR4656-NSCLC-NKI,train
TR4658-NSCLC-NKI,train
TR4668-NSCLC-NKI,test
TR4669-NSCLC-NKI,train
TR4634-NSCLC-NKI,train
TR4657-NSCLC-NKI,train
TR4654-NSCLC-NKI,train
TR4676-NSCLC-NKI,train
TR4659-NSCLC-NKI,train
TR4666-NSCLC-NKI,test
TR4683-NSCLC-NKI,train
TR4663-NSCLC-NKI,test
TR4633-NSCLC-NKI,train
TR4673-NSCLC-NKI,train
TR4671-NSCLC-NKI,train
TR4670-NSCLC-NKI,test
TR4680-NSCLC-NKI,train
TR4645-NSCLC-NKI,test
TR4644-NSCLC-NKI,test
TR4682-NSCLC-NKI,train
TR4816-NSCLC-MAAS,train
TR4818-NSCLC-MAAS,train
TR4884-NSCLC-MAAS,train
TR4886-NSCLC-MAAS,train
TR4888-NSCLC-MAAS,train
TR4890-NSCLC-MAAS,test
TR4892-NSCLC-MAAS,train
TR4896-NSCLC-MAAS,test
TR4898-NSCLC-MAAS,test
TR4900-NSCLC-MAAS,train
TR4902-NSCLC-MAAS,train
TR4906-NSCLC-MAAS,train
TR4908-NSCLC-MAAS,train
TR4909-NSCLC-MAAS,train
TR4911-NSCLC-MAAS,train
TR4913-NSCLC-MAAS,train
TR4915-NSCLC-MAAS,test
UMCU-nSTEMI-1-0085-TR1993,train
UMCU-nSTEMI-1-0099-TR1994,train
UMCU-nSTEMI-1-0104-TR1995,test
UMCU-nSTEMI-1-0105-TR1996,train
UMCU-nSTEMI-1-0111-TR1997,train
UMCU-nSTEMI-1-0137-TR1998,train
UMCU-nSTEMI-1-0154-TR2000,test
UMCU-nSTEMI-2-0522-TR2001,train
UMCU-nSTEMI-2-0661-TR2002,train
UMCU-nSTEMI-2-0679-TR2003,train
UMCU-nSTEMI-2-0682-TR2004,train
UMCU-nSTEMI-3-1100-TR2005,train
UMCU-nSTEM-4-1577-TR2047,train
UMCU-nSTEM-4-1579-TR2048,train
UMCU-nSTEM1-0139-TR1999,test
Cath-Ova-CZE-002-TR2271,train
Cath-Ova-CZE-005-TR2273,train
Cath-Ova-CZE-007-TR2275,train
Cath-Ova-CZE-008-TR2276,train
Cath-Ova-CZE-025-TR2772,train
Cath-Ova-CZE-026-TR2773,train
Cath-Ova-CZE-029-TR2745,test
Cath-Ova-CZE-036-TR2748,train
Cath-Ova-CZE-043-TR2726,train
Cath-Ova-CZE-049-TR2731,train
Cath-Ova-CZE-050-TR2732,train
TR3528-OVA-CATH,train
TR3637-OVA-CATH,train
TR3658-OVA-CATH,train
TR3660-OVA-CATH,train
TR3530-OVA-CATH,test
TR3531-OVA-CATH,train
TR3664-OVA-CATH,train
TR3948-OVA-CATH,test
TR4294-OVA-CATH,train
TR4296-OVA-CATH,train
TR4300-OVA-CATH,test
TR4302-OVA-CATH,train
TR4303-OVA-CATH,train
TR4229-OVA-CATH,test
TR4231-OVA-CATH,train
TR4232-OVA-CATH,train
TR4235-OVA-CATH,train
TR4237-OVA-CATH,train
TR4238-OVA-CATH,train
TR4718-OVA-CATH,test
TR4010-OVA-GDANSK,train
TR4012-OVA-GDANSK,train
TR4017-OVA-GDANSK,train
TR4019-OVA-Supernat,train
TR4023-OVA-Supernat,train
TR4026-OVA-Supernat,train
TR4043-OVA-GDANSK,train
TR4086-OVA-GDANSK,train
TR4087-OVA-Supernat,train
TR4097-OVA-Supernat,train
TR4146-OVA-GDANSK,train
TR4210-OVA-Supernat,train
TR4214-OVA-Supernat,train
TR4187-OVA-GDANSK,train
TR4191-OVA-GDANSK,test
TR4320-OVA-GDANSK,train
TR4325-OVA-GDANSK,train
TR4326-OVA-GDANSK,train
TR4351-OVA-GDANSK,test
TR4352-OVA-GDANSK,train
TR4353-OVA-GDANSK,test
TR4376-OVA-GDANSK,train
TR4377-OVA-GDANSK,train
TR4378-OVA-GDANSK,train
TR4379-OVA-GDANSK,train
TR3398-OVA-LUMC,test
TR3400-OVA-LUMC,train
TR3401-OVA-LUMC,train
TR3517-OVA-LUMC,train
TR3519-OVA-LUMC,train
TR4263-OVA-LUMC,test
TR4335-OVA-LUMC,train
TR4336-OVA-LUMC,train
TR4337-OVA-LUMC,train
TR4340-OVA-LUMC,train
TR4341-OVA-LUMC,train
TR4342-OVA-LUMC,train
TR4309-OVA-LUMC,train
TR4310-OVA-LUMC,train
TR4313-OVA-LUMC,train
TR4315-OVA-LUMC,train
TR3964-NKI-NKI,train
TR3967-NKI-NKI,test
TR3970-NKI-NKI,test
TR3971-NKI-NKI,train
TR3972-NKI-NKI,train
TR3856-NKI-NKI,train
TR3858-NKI-NKI,test
TR3859-NKI-NKI,train
MGH-OVARY-305-TR549,train
MGH-OVARY-533-TR559,train
MGH-OVARY-555-TR560,test
MGH-OVARY-585-TR561,train
MGH-OVARY-602-TR562,train
MGH-OVARY-O10-TR653,train
MGH-OVARY-O11-TR654,train
MGH-OVARY-O13-TR656,test
MGH-OVARY-O14-TR657,train
MGH-OVARY-O16-TR659,train
MGH-OVARY-O17-TR660,train
MGH-OVARY-O18-TR661,test
MGH-OVARY-O20-TR675,train
MGH-OVARY-O21-TR674,test
MGH-OVARY-O24-TR678,train
MGH-OVARY-O9-TR652,test
MGH-Ovary-O23-TR807,test
MGH-Ovary-O26-TR803,test
MGH-Ovary-O27-TR804,train
MGH-Ovary-O2-TR838,train
MGH-Ovary-O32-TR809,train
MGH-Ovary-O33-TR810,train
MGH-Ovary-O3-TR839,train
MGH-Ovary-O4-TR840,train
MGH-Ovary-O5-TR841,train
MGH-OVARY-O6-TR857,train
MGH-OVARY-O7-TR858,test
MGH-OVARY-P5-TR859,train
MGH-OVARY-34-TR1265,train
MGH-OVARY-35-TR1256,train
MGH-OVARY-37-TR1266,train
MGH-OVARY-38-TR1367,train
MGH-OVARY-40-TR1260,train
MGH-OVARY-43-TR1263,train
Vumc-GBM-626-TR1452,test
Pisa-exIPMN-2015CEC-TR969,train
Pisa-exIPMN-2015CUF-TR1044,test
Pisa-exIPMN-2015TAG-TR971,train
Pisa-PDAC-2015FRA-TR1017,train
Pisa-PDAC-2015GAB-TR964,train
Pisa-PDAC-2015LOA-TR965,test
Pisa-PDAC-2015PRO-TR966,test
Pisa-PDAC-2015PUC-TR1038,train
Vumc-exIPMN-56-TR1043,train
Vumc-PDAC-17-TR985,test
Vumc-PDAC-21-TR1011,train
Vumc-PDAC-22-TR1012,train
Vumc-PDAC-25-TR987,train
Vumc-PDAC-26-TR1013,train
Vumc-PDAC-27-TR963,train
Vumc-PDAC-30-TR988,train
Vumc-PDAC-33-TR1018,train
Vumc-PDAC-37-TR994,test
Vumc-PDAC-41-TR1030,test
Vumc-PDAC-44-TR995,test
Vumc-PDAC-49-TR967,test
Vumc-PDAC-50-TR989,train
Vumc-PDAC-53-TR990,test
Vumc-PDAC-54-TR1025,test
Vumc-PDAC-60-TR991,train
Vumc-PDAC-64-TR992,train
Vumc-PDAC-71-TR1014,train
Vumc-PDAC-74-TR1015,train
Vumc-PDAC-79-TR1024,train
Gron-PDAC-P24t0-TR1223,train
Gron-PDAC-P24t30-TR1224,train
Gron-PDAC-P29t0-TR1225,train
Gron-PDAC-P29t30-TR1226,train
Gron-PDAC-P31t0-TR1227,train
Gron-PDAC-P31t30-TR1228,test
Vumc-exIPMN-84-2015196-TR1926,test
Vumc-PAAD-15-2016698-TR1925,train
Vumc-PAAD-18-2016599-TR1923,train
Vumc-PAAD22-20166996-TR1924,train
Vumc-PAAD-95-2015297-TR1922,test
Vumc-PDAC8-20160983-TR2059,test
Vumc-PDAC91-2015801-TR2060,train
Vumc-PDAC94-2015610-TR2061,train
Vumc-PDAC29-2016236-TR2063,test
Vumc-PDAC-100-20161166-TR2624,train
Vumc-PDAC-102-2015897-TR2656,test
Vumc-PDAC-103-2015470-TR2657,test
Vumc-PDAC-105-2015197-TR2659,train
Vumc-PDAC-109-20151978-TR2660,test
Vumc-PDAC-113-2016487-TR2650,train
Vumc-PDAC-115-2015098-TR2661,test
Vumc-PDAC-56-2016723-TR2619,test
Vumc-PDAC-57-2016398-TR2670,train
Vumc-PDAC-6-2016397-TR2662,test
Vumc-PDAC-64-20166377-TR2671,train
Vumc-PDAC-70-2016112-TR2672,train
Vumc-PDAC-71-20161132-TR2620,train
Vumc-PDAC-72-20161131-TR2673,train
Vumc-PDAC-74-201611300-TR2621,train
Vumc-PDAC-76-20162283-TR2622,train
Vumc-PDAC-86-2016787-TR2677,test
Vumc-PDAC-88-2016116-TR2679,train
Vumc-PDAC-96-20161160-TR2681,train
Vumc-xIPMN111-20161026-TR2631,train
Vumc-IPMN-2015094-TR330,train
VUMC-38-2017126-PANC-TR3365,train
VUMC-4-2017119-PANC-TR3504,train
VUMC-11-20171223-PANC-TR3506,train
VUMC-14-20171227-PANC-TR3362,test
VUMC-33-20171254-PANC-TR3304,train
VUMC-42-201712695-PANC-TR3366,train
VUMC-43-2017126951-PANC-TR3367,train
VUMC-44-2017127-PANC-TR3305,train
VUMC-50-201712744-PANC-TR3307,train
VUMC-53-20171277-PANC-TR3372,train
VUMC-55-20171281-PANC-TR3463,train
VUMC-61-201712817-PANC-TR3308,train
VUMC-90-2017623-PANC-TR3380,train
VUMC-45-20171271-PANC-TR3368,train
VUMC-49-201712716-PANC-TR3306,test
VUMC-68-2017129-PANC-TR3374,train
VUMC-72-2017434-PANC-TR3484,train
VUMC-73-2017103-PANC-TR3485,test
VUMC-76-2017057-PANC-TR3486,train
VUMC-77-20176287-PANC-TR3501,train
VUMC-79-2017471-PANC-TR3487,train
VUMC-87-20171317-PANC-TR3378,train
VUMC-95-2017649-PANC-TR3381,test
VUMC-96-2017133-PANC-TR3382,train
VUMC-103-2017134-PANC-TR3384,test
VU-107-201713474-PANC-TR3408,test
VUMC-120-20171359-PANC-TR3420,test
VUMC-135-2017137-PANC-TR3419,train
VU-136-201713693-PANC-TR3409,train
VUMC-141-2017432-PANC-TR3421,test
RAD-ProsBlad-54854-TR2751,train
RAD-ProsBlad-55511-TR2754,train
RAD-ProsBlad-55813-TR2756,train
RAD-ProsBlad-56704-TR2824,train
TR3651-Uro-RAD,test
TR3656-Uro-RAD,test
TR3653-Uro-RAD,train
TR3650-Uro-RAD,train
TR3962-URO-RAD,test
TR4058-URO-RAD,test
TR4063-URO-RAD,test
TR4064-URO-RAD,train
TR4066-URO-RAD,train
TR4609-URO-RAD,test
TR4685-URO-RAD,test
Umea-Pca-116231-TR546,test
Umea-Pca-16931-TR537,train
Umea-Pca-16934-TR539,train
Umea-Pca-16935-TR538,test
Umea-Pca-67831-TR534,train
Umea-Pca-67833-TR535,train
Umea-Pca-67834-TR536,train
Umea-Pca-91232-TR541,test
Umea-Pca-91235-TR540,train
Umea-Pca-93431-TR542,train
Umea-Pca-96331-TR543,train
Umea-Pca-96334-TR544,train
Umea-Pca-96335-TR545,train
Umea-Pca-1034-33-TR572,train
Umea-Pca-1034-35-TR573,test
Umea-Pca-1034-36-TR574,train
Umea-Pca-169-33-TR570,train
Umea-Pca-169-36-TR571,train
Umea-Pca-912-32-TR575,train
Vumc-P-PH-001-001-TR1502,train
Vumc-P-PH-001-002-TR1391,train
Vumc-P-PH-001-003-TR1392,train
Vumc-P-PH-001-005-TR1503,train
Vumc-P-PH-001-006-TR1457,train
Vumc-P-PH-001-007-TR1395,train
Vumc-P-PH-001-008-TR1504,train
Vumc-P-PH-001-009-TR1397,train
Vumc-P-PH-001-010-TR1505-seq2,train
Vumc-P-PH-001-011-TR1458,train
Vumc-P-PH-001-012-TR1506,train
Vumc-P-PH-001-014-TR1459,train
Vumc-P-PH-001-017-TR1507,test
Vumc-P-PH-001-018-TR1413,test
Vumc-P-PH-001-020-TR1509,train
Vumc-P-PH-001-022-TR1511,train
Vumc-P-PH-001-023-TR1407,train
Vumc-P-PH-001-026-TR1408,test
Vumc-P-PH-001-027-TR1409,test
Vumc-P-PH-001-028-TR1410,train
Vumc-P-PH-001-029-TR1434,test
Vumc-P-PH-001-033-TR1417,test
Vumc-P-PH-001-034-TR1512-seq2,train
Vumc-P-PH-001-035-TR1418,train
Vumc-P-PH-001-037-TR1420,train
Vumc-P-PH-001-039-TR1421,train
Vumc-P-PH-001-041-TR1422,train
Vumc-P-PH-001-042-TR1423,train
Vumc-P-PH-001-050-TR1460,train
Vumc-P-PH-001-053-TR1461,train
Vumc-P-PH-001-055-TR2546,train
Vumc-P-PH-001-057-TR2547,train
Vumc-P-PH-001-058-TR2548,train
Vumc-P-PH-001-059-TR2549,test
Vumc-P-PH-001-060-TR2550,test
Vumc-P-PH-001-062-TR2551,train
Vumc-P-PH-001-064-TR2553,test
Vumc-P-PH-001-065-TR2554,train
Vumc-P-PH-001-066-TR2555,train
Vumc-P-PH-001-067-TR2556,train
Vumc-P-PH-001-070-TR2558,train
Vumc-P-PH-001-072-TR2559,train
Vumc-P-PH-001-074-TR2560,train
Vumc-P-PH-001-076-TR2569,train
Vumc-P-PH-001-077-TR2570,test
Vumc-P-PH-001-078-TR2571,train
Vumc-P-PH-001-080-TR2572,train
Vumc-P-PH-001-081-TR2573,train
Vumc-P-PH-001-082-TR2574,train
Vumc-P-PH-001-087-TR2663,train
Vumc-P-PH-001-088-TR2576,train
Vumc-P-PH-001-089-TR2577,train
Vumc-P-PH-001-090-TR2578,train
Vumc-P-PH-001-091-TR2664,test
Vumc-P-PH-001-092-TR2579,train
Vumc-P-PH-001-094-TR2580,train
Vumc-P-PH-001-095-TR2581,train
Vumc-P-PH-001-096-TR2582,train
Vumc-P-PH-001-097-TR2583,train
Vumc-P-PH-001-098-TR2584,train
Vumc-P-PH-001-099-TR2561,train
Vumc-P-PH-001-100-TR2562,train
Vumc-P-PH-001-101-TR2563,train
Vumc-P-PH-001-102-TR2564,train
Vumc-P-PH-001-103-TR2565,train
Vumc-BRMETA-18-TR2163,train
MGH-Renal-R1-TR2825,train
MGH-Renal-R2-TR2826,train
MGH-Renal-R11-TR2828,train
MGH-Renal-R10-TR2827,test
MGH-Renal-R13-TR2830,train
MGH-Renal-R18-TR2833,train
MGH-Renal-R21-TR2836,test
MGH-Renal-R23-TR2838,test
MGH-Renal-R25-TR2840,test
MGH-Renal-R26-TR2841,train
MGH-Renal-R3-TR2861,train
MGH-Renal-R4-TR2862,test
MGH-Renal-R5-TR2863,train
MGH-Renal-R7-TR2864,test
MGH-Renal-R8-TR2865,train
MGH-Renal-R9-TR2866,train
MGH-Renal-R15-TR2868,test
MGH-Renal-R24-TR2839,train
MGH-R-31-RENAL-TR3204,train
MGH-R-33-RENAL-TR3205,train
MGH-R-35-RENAL-TR3207,train
MGH-R-36-RENAL-TR3208,test
MGH-R-40-RENAL-TR3209,train
MGH-R-41-RENAL-TR3210,train
MGH-R-43-RENAL-TR3211,train
TR3203-RC-MGH,train
TR3206-RC-MGH,train
NKI-GIST-2050-TR2290,train
NKI-GIST-1694-TR2291,train
NKI-GIST-3345-TR2530,train
MGH-OVARY-O21-TR676,train
Cath-Ova-CZE-012-TR2280,test
TR3861-NKI-NKI,train
TR4546-SARC-NKI,train
TR4552-SARC-NKI,train
TR4554-SARC-NKI,train
TR4544-SARC-NKI,train
TR4548-SARC-NKI,train
TR4550-SARC-NKI,train
TR4545-SARC-NKI,train
TR4547-SARC-NKI,train
TR4551-SARC-NKI,test
TR4542-SARC-NKI,train
TR4543-SARC-NKI,train
TR4553-SARC-NKI,test
TR4549-SARC-NKI,train
TR4614-SARC-NKI,train
TR4616-SARC-NKI,train
TR4620-SARC-NKI,train
TR4622-SARC-NKI,train
TR4624-SARC-NKI,train
TR4619-SARC-NKI,train
TR4623-SARC-NKI,train
TR4735-SARC-NKI,train
TR4617-SARC-NKI,train
TR4615-SARC-NKI,train
TR4621-SARC-NKI,train
TR4625-SARC-NKI,test
TR4618-SARC-NKI,test
TR4626-SARC-NKI,train
UMCU-1-0002-AP-stable-TR937,train
UMCU-1-0006-AP-stable-TR938,train
UMCU-1-0018-AP-stable-TR942,train
UMCU-1-0024-AP-stable-TR943,train
UMCU-1-0056-AP-stable-TR936,train
UMCU-stableAP-1-0031-TR2058,train
UMCU-stableAP-1-0032-TR2046,train
UMCU-stableAP-1-0033-TR2049,train
UMCU-stableAP-1-0071-TR2050,train
UMCU-2-0533-AP-unstable-TR944,train
UMCU-2-0536-AP-unstable-TR945,test
UMCU-2-0540-AP-unstable-TR946,train
UMCU-2-0566-AP-unstable-TR947,train
UMCU-2-0570-AP-unstable-TR948,train
UMCU-2-0585-AP-unstable-TR949,train
UMCU-unstAP-2-0649-TR2051,train
UMCU-unstAP-2-0652-TR2052,train
UMCU-unstAP-3-1034-TR2053,train
UMCU-unstAP-3-1058-TR2054,train
UMCU-unstAP-3-1076-TR2055,train
UMCU-unstAP-3-1120-TR2056,train
UMCU-unstAP-3-1135-TR2057,test
UMCU-unstAP-2-0586-TR2085,train
UMCU-unstAP-2-0622-TR2086,test
UMCU-unstAP-1-0091-TR2087,train
UMCU-unstAP-2-0594-TR2088,test
RAD-ProsBlad-54898-TR2752,train
RAD-ProsBlad-55178-TR2753,test
RAD-ProsBlad-55450-TR2860,train
RAD-ProsBlad-55613-TR2755,test
RAD-ProsBlad-56114-TR2822,test
RAD-ProsBlad-56297-TR2823,test
TR3652-Uro-RAD,train
TR3657-Uro-RAD,train
TR3765-URO-RAD,train
TR3830-URO-RAD,train
TR3827-URO-RAD,train
TR3960-URO-RAD,train
TR3961-URO-RAD,train
TR4062-URO-RAD,train
TR4065-URO-RAD,train
TR4130-URO-RAD,train
TR4606-URO-RAD,train
TR4607-URO-RAD,train
TR4610-URO-RAD,test
TR4611-URO-RAD,train
TR4720-URO-RAD,train
TR4721-URO-RAD,test
TR4693-URO-RAD,train
TR4694-URO-RAD,train
TR4696-URO-RAD,train
TR4697-URO-RAD,train
TR4699-URO-RAD,train
TR4755-URO-RAD,train
Vumc-GBM-493t0,train
Vumc-GBM-477t0,train
Vumc-GBM-491t0,train
Vumc-GBM-follow-up-VU423t0-TR1547,test
Vumc-GBM-follow-up-VU472t0-TR1556,train
Vumc-GBM-follow-up-VU474t0-TR1569,train
Vumc-GBM-follow-up-VU501t0,train
Vumc-GBM-follow-up-VU502t0-TR1661,train
Vumc-GBM-follow-up-VU523t0-TR1650,train
Vumc-GBM-follow-up-VU527t0-TR1651,train
Vumc-GBM-follow-up-VU535t0-TR1660,train
Vumc-GBM-follow-up-VU548t0-TR1652,train
Vumc-GBM-follow-up-VU551t0-TR1653,train
Vumc-GBM-follow-up-VU554t0-TR1658,train
Vumc-GBM-follow-up-VU559t0-TR1659,train
UMCU-HC-1-0197-TR824,train
UMCU-HC-1-0198-TR820,train
UMCU-HC-1-0199-TR825,train
UMCU-HC-1-0200-TR816,train
UMCU-HC-1-0201-TR821,train
UMCU-HC-1-0202-TR812,train
UMCU-HC-1-0203-TR814,train
UMCU-HC-1-0204-TR813,test
UMCU-HC-1-0205-TR811,train
UMCU-HC-1-0206-TR815,train
UMCU-HC-1-0207-TR817,train
UMCU-HC-1-0208-TR822,test
UMCU-HC-1-0209-TR823,train
UMCU-HC-1-0210-TR819,train
UMCU-HC-1-0211-TR826,test
UMCU-HC-1-0212-TR818,train
B7-19N,train
C3-12N,train
E12-24N,train
E1-5N,train
G2-101N,test
G3-102N,train
G4-103N,train
G5-104N,test
G6-105N,train
G7-106N,test
MGH-NSCLC-L121-TR907,test
Vumc-NSCLC-216-TR874,train
Vumc-P-PH-001-013-TR1400,train
Vumc-P-PH-001-016-TR1404,test
Vumc-P-PH-001-054-TR1424,train
Pisa-ChronPan-2015VIT-TR972,train
Vumc-ChronPan-1-2016584-TR1946,train
Vumc-P-PH-001-024-TR1414,train
Vumc-EPI-012-TR1466,train
NKI-SARC-4727-TR3036,train
NKI-SARC-5153-TR3037,test
NKI-SARC-5525-TR3038,train
NKI-SARC-5576-TR3039,train
NKI-SARC-6179-TR3040,test
NKI-SARC-6181-TR3041,test
NKI-SARC-6222-TR3042,test
NKI-SARC-6344-TR3043,train
NKI-SARC-6373-TR3044,train
NKI-SARC-6430-TR3045,train
NKI-SARC-6474-TR3046,test
NKI-SARC-6475-TR3047,test
NKI-SARC-7316-TR3048,train
NKI-SARC-7330-TR3050,train
NKI-4879-SARC-TR3081,train
NKI-4904-SARC-TR3083,test
NKI-4591-SARC-TR3075,test
NKI-4589-SARC-TR3128,train
NKI-5196-SARC-TR3131,train
NKI-6345-SARC-TR3133,train
NKI-6232-SARC-TR3101,train
NKI-4854-SARC-TR3080,train
NKI-4707-SARC-TR3079,train
NKI-4941-SARC-TR3084,train
NKI-6348-SARC-TR3134,test
NKI-5275-SARC-TR3099,train
NKI-5148-SARC-TR3129,test
Vumc-P-PH-001-010-TR1505,test
Vumc-P-PH-001-034-TR1512,train
P-PH-001-013-TR1400,train
NKI-NSCLC-107-270-TR725,train
